p_2500;p_3896
p_2502;p_2498
p_2503;p_2502
p_2504;p_2503
p_2505;p_2497
p_2506;p_2505
p_2507;p_2512
p_2508;p_2483
p_2508;p_2487
p_2509;p_2508
p_4400;p_4495
p_4404;p_4406
p_4406;p_630
p_4407;p_1762
p_4408;p_1750
p_4409;p_1014
p_4409;p_985
p_4417;p_1409
p_4416;p_4415
p_4416;p_3463
p_4412;p_999
p_4415;p_3462
p_4414;p_3466
p_4414;p_5723
p_2195;p_4347
p_4410;p_1000
p_2193;p_2191
p_4411;p_5546
p_4411;p_1218
p_2197;p_2195
p_2197;p_2547
p_2197;p_6132
p_2197;p_6162
p_2191;p_5142
p_2191;p_6162
p_2192;p_2173
p_4429;p_4428
p_4428;p_1546
p_4427;p_446
p_4426;p_3273
p_4425;p_2989
p_4424;p_4423
p_4424;p_1230
p_4423;p_1001
p_4423;p_1215
p_4421;p_1085
p_4420;p_4421
p_5204;p_5206
p_5205;p_5203
p_5206;p_2690
p_5207;p_1180
p_5208;p_1693
p_5209;p_3247
p_4436;p_5237
p_4430;p_1548
p_4431;p_4432
p_4432;p_1561
p_4433;p_4430
p_5201;p_5204
p_5200;p_4648
p_5203;p_5202
p_5202;p_5200
p_5217;p_2543
p_5218;p_3414
p_5218;p_5757
p_5215;p_2230
p_5216;p_2473
p_5219;p_3757
p_4448;p_4449
p_4447;p_171
p_4446;p_4447
p_4445;p_444
p_4449;p_1544
p_4440;p_4438
p_4443;p_5764
p_4444;p_1430
p_4441;p_4460
p_4442;p_4440
p_5210;p_1206
p_5214;p_1896
p_5212;p_2222
p_5212;p_2210
p_5211;p_4866
p_4456;p_4455
p_4457;p_450
p_4457;p_455
p_4458;p_1404
p_4459;p_4460
p_4453;p_4215
p_4455;p_4212
p_4454;p_178
p_4467;p_4468
p_4468;p_1384
p_4463;p_4442
p_4460;p_4467
p_4460;p_3662
p_4460;p_3655
p_4478;p_3307
p_4479;p_1570
p_4471;p_4463
p_4471;p_4682
p_4475;p_3661
p_4474;p_4475
p_4477;p_5153
p_4476;p_4511
p_4484;p_4487
p_4482;p_2724
p_4482;p_2730
p_4482;p_2704
p_4481;p_2709
p_4481;p_2696
p_4488;p_2700
p_4487;p_4491
p_4486;p_2723
p_4382;p_4383
p_4382;p_2387
p_2591;p_2573
p_4383;p_5756
p_2592;p_2594
p_2241;p_2233
p_4385;p_2393
p_2242;p_4648
p_4386;p_2825
p_2595;p_5397
p_2240;p_2234
p_2596;p_2595
p_4388;p_2371
p_2593;p_333
p_5150;p_1824
p_4389;p_5225
p_4389;p_2860
p_2594;p_2597
p_5153;p_3309
p_5152;p_5213
p_5155;p_5095
p_5154;p_2586
p_5156;p_5155
p_5158;p_5476
p_4381;p_2379
p_4381;p_2367
p_693;p_697
p_693;p_5132
p_694;p_672
p_696;p_694
p_697;p_699
p_697;p_3571
p_1868;p_1870
p_698;p_694
p_699;p_4297
p_1866;p_1826
p_1866;p_1825
p_2599;p_2596
p_1864;p_1875
p_2598;p_2593
p_2598;p_5019
p_1865;p_5467
p_2249;p_4649
p_2597;p_2600
p_1862;p_5102
p_2248;p_2249
p_1863;p_1864
p_2247;p_2248
p_1860;p_1863
p_2246;p_1915
p_1861;p_5102
p_1861;p_1859
p_4373;p_4374
p_2230;p_2677
p_4374;p_4420
p_4374;p_1091
p_4374;p_1096
p_4374;p_6259
p_2231;p_2229
p_4371;p_405
p_1870;p_1873
p_4372;p_4373
p_2233;p_2237
p_5140;p_5175
p_5140;p_3235
p_4377;p_435
p_4375;p_539
p_4376;p_410
p_4376;p_412
p_5144;p_1813
p_5143;p_1868
p_5143;p_5144
p_5142;p_1839
p_5142;p_2207
p_5141;p_5140
p_5147;p_2432
p_5146;p_2625
p_5145;p_5421
p_5145;p_182
p_5149;p_1598
p_5149;p_1599
p_5149;p_1013
p_5149;p_1015
p_5149;p_1029
p_1879;p_1893
p_1879;p_1895
p_1875;p_1849
p_2239;p_2240
p_1876;p_1862
p_2238;p_2239
p_4379;p_2824
p_2235;p_1301
p_2234;p_2235
p_1873;p_1885
p_1873;p_5388
p_2237;p_4035
p_5171;p_901
p_5170;p_5160
p_2262;p_884
p_5173;p_919
p_5172;p_921
p_2266;p_5654
p_2266;p_4650
p_2263;p_5180
p_2263;p_877
p_2264;p_2280
p_5179;p_665
p_5179;p_673
p_5179;p_4595
p_5179;p_6129
p_5178;p_4295
p_5178;p_5744
p_5175;p_3236
p_5174;p_2550
p_5177;p_3415
p_5176;p_5177
p_1884;p_6237
p_1885;p_1886
p_1882;p_1887
p_2268;p_2283
p_2268;p_6227
p_2267;p_2268
p_1888;p_1890
p_1888;p_5697
p_1889;p_1894
p_1886;p_1889
p_1886;p_1891
p_1887;p_1884
p_5162;p_4560
p_4399;p_4194
p_5161;p_5162
p_5160;p_5171
p_4397;p_4398
p_4397;p_3341
p_2250;p_1306
p_4398;p_3261
p_2251;p_2254
p_4395;p_4396
p_1890;p_1887
p_2252;p_2250
p_4396;p_3283
p_4393;p_4395
p_1892;p_1283
p_2254;p_4648
p_4394;p_4393
p_1891;p_1889
p_2255;p_2252
p_4391;p_3271
p_5169;p_5170
p_5169;p_5480
p_4392;p_4394
p_5168;p_5169
p_4390;p_2847
p_4390;p_2845
p_5166;p_5167
p_5165;p_4569
p_5165;p_4568
p_5164;p_4584
p_5163;p_5164
p_1893;p_1888
p_1894;p_1892
p_1894;p_1895
p_1895;p_5215
p_1896;p_1892
p_1896;p_1893
p_1898;p_1901
p_1899;p_1898
p_2280;p_2285
p_5110;p_3200
p_5111;p_5675
p_5111;p_1901
p_5112;p_1565
p_5112;p_1461
p_5113;p_5114
p_5113;p_1901
p_5114;p_1458
p_2286;p_2282
p_2285;p_2284
p_2284;p_2714
p_2283;p_2712
p_2282;p_2281
p_2281;p_2266
p_1823;p_4127
p_657;p_660
p_1822;p_1827
p_1822;p_4300
p_1821;p_4126
p_659;p_658
p_658;p_655
p_5117;p_578
p_5116;p_1462
p_5119;p_4826
p_5118;p_3600
p_1828;p_5150
p_650;p_4586
p_1827;p_1819
p_653;p_5663
p_1826;p_1822
p_652;p_651
p_1825;p_1847
p_655;p_654
p_1824;p_1844
p_654;p_5659
p_5100;p_2589
p_5103;p_1860
p_5104;p_5105
p_5101;p_5154
p_5102;p_4309
p_2275;p_2299
p_2274;p_2276
p_2277;p_5656
p_2276;p_2277
p_2270;p_2264
p_669;p_666
p_669;p_670
p_1834;p_4128
p_668;p_666
p_668;p_670
p_668;p_4557
p_1833;p_1834
p_667;p_668
p_667;p_664
p_2278;p_2275
p_1830;p_5143
p_1830;p_6206
p_662;p_683
p_5107;p_3448
p_1839;p_1866
p_1839;p_4294
p_1839;p_5466
p_661;p_659
p_5106;p_5107
p_660;p_662
p_5105;p_3449
p_666;p_5131
p_1835;p_4125
p_665;p_4595
p_1838;p_1833
p_1838;p_1830
p_664;p_603
p_5109;p_191
p_663;p_668
p_5134;p_5442
p_5134;p_1121
p_5135;p_1169
p_5136;p_698
p_5137;p_1717
p_5137;p_6253
p_680;p_684
p_680;p_4559
p_5130;p_5110
p_5130;p_3091
p_5131;p_4588
p_5131;p_4295
p_5131;p_5744
p_5132;p_1119
p_5133;p_5134
p_5133;p_5129
p_1845;p_1854
p_679;p_5672
p_1844;p_1865
p_678;p_680
p_1842;p_1821
p_1849;p_1851
p_1848;p_5150
p_1847;p_2645
p_1847;p_1264
p_676;p_5744
p_671;p_667
p_671;p_4595
p_670;p_689
p_670;p_687
p_673;p_693
p_672;p_665
p_672;p_670
p_672;p_4595
p_672;p_6129
p_690;p_671
p_691;p_697
p_691;p_5132
p_5123;p_2053
p_5123;p_6253
p_5121;p_5120
p_5122;p_2053
p_5122;p_6253
p_5120;p_4829
p_2293;p_2304
p_2292;p_2293
p_2299;p_2300
p_1850;p_1876
p_1852;p_1850
p_1851;p_2185
p_1854;p_1852
p_1856;p_2654
p_1855;p_4305
p_689;p_704
p_1858;p_2652
p_687;p_691
p_1859;p_1274
p_685;p_681
p_685;p_4585
p_684;p_676
p_5129;p_5136
p_683;p_684
p_5128;p_4660
p_5127;p_1677
p_5127;p_4643
p_681;p_679
p_681;p_907
p_2518;p_2544
p_2517;p_2544
p_2517;p_4354
p_2519;p_2515
p_610;p_606
p_611;p_613
p_611;p_5093
p_614;p_836
p_2510;p_2508
p_615;p_867
p_612;p_4618
p_2512;p_2514
p_2512;p_2516
p_2511;p_2508
p_2514;p_2518
p_619;p_617
p_2513;p_2516
p_616;p_621
p_2516;p_4354
p_617;p_616
p_2515;p_2511
p_2529;p_2168
p_2529;p_2165
p_620;p_619
p_621;p_623
p_622;p_623
p_622;p_4100
p_623;p_624
p_2523;p_2525
p_624;p_625
p_2522;p_2529
p_2522;p_2163
p_625;p_626
p_2521;p_2523
p_626;p_649
p_2520;p_3289
p_627;p_4632
p_628;p_642
p_629;p_4151
p_2525;p_2519
p_2525;p_2520
p_2524;p_2522
p_632;p_380
p_632;p_392
p_1804;p_1788
p_1804;p_5638
p_630;p_627
p_1806;p_1792
p_1807;p_2148
p_2539;p_4346
p_2536;p_2535
p_2536;p_4353
p_2535;p_2166
p_638;p_4598
p_2538;p_5142
p_2538;p_6162
p_639;p_632
p_639;p_641
p_2537;p_4348
p_2532;p_2545
p_2531;p_2532
p_634;p_632
p_2534;p_4353
p_1801;p_2151
p_635;p_634
p_641;p_629
p_1816;p_1835
p_1816;p_1844
p_642;p_640
p_1813;p_1797
p_1813;p_4497
p_643;p_635
p_1819;p_4128
p_640;p_638
p_649;p_645
p_2547;p_2537
p_2546;p_5574
p_645;p_880
p_2545;p_4355
p_1812;p_4124
p_646;p_5182
p_646;p_4101
p_2544;p_2546
p_647;p_648
p_2543;p_2542
p_648;p_5708
p_2542;p_2539
p_2540;p_3291
p_2541;p_2538
p_2205;p_2206
p_2553;p_2554
p_2206;p_2187
p_2206;p_5512
p_2554;p_2551
p_2554;p_4316
p_2207;p_2204
p_2555;p_5511
p_2556;p_2553
p_2201;p_4316
p_2557;p_2560
p_2557;p_5423
p_2202;p_2205
p_2203;p_2201
p_2559;p_2556
p_2559;p_4317
p_2559;p_2658
p_2204;p_2206
p_2204;p_6156
p_5198;p_3003
p_5198;p_3294
p_5199;p_5201
p_5196;p_5197
p_5197;p_5198
p_5190;p_2897
p_5194;p_6264
p_2550;p_5142
p_2550;p_2547
p_5195;p_2903
p_5195;p_2897
p_5192;p_5190
p_2552;p_2555
p_5193;p_2806
p_2551;p_2202
p_2567;p_5308
p_2565;p_2562
p_5185;p_5186
p_5186;p_4931
p_5189;p_473
p_5180;p_5560
p_5180;p_876
p_5181;p_4065
p_5181;p_871
p_5181;p_879
p_2563;p_2567
p_2563;p_2562
p_5182;p_894
p_2562;p_2559
p_5184;p_5185
p_2560;p_2563
p_2575;p_2574
p_2229;p_4493
p_2577;p_3067
p_2571;p_2585
p_2574;p_2571
p_2573;p_2577
p_2222;p_2219
p_2222;p_2210
p_2570;p_2565
p_606;p_4003
p_2214;p_2216
p_2214;p_4818
p_2214;p_5515
p_2215;p_2187
p_608;p_610
p_2212;p_2215
p_607;p_669
p_2213;p_2185
p_602;p_601
p_2218;p_2557
p_2218;p_2210
p_2218;p_5511
p_601;p_5353
p_2219;p_2217
p_2589;p_5098
p_604;p_663
p_2216;p_2218
p_2586;p_2591
p_2586;p_301
p_603;p_2262
p_2217;p_2215
p_600;p_602
p_2585;p_301
p_2585;p_302
p_2585;p_6198
p_2583;p_2580
p_609;p_608
p_2210;p_2215
p_2210;p_2213
p_2210;p_5796
p_2580;p_2575
p_809;p_808
p_808;p_1482
p_807;p_810
p_3020;p_3032
p_3023;p_3029
p_3022;p_3025
p_3022;p_3001
p_3022;p_3004
p_3025;p_3296
p_3024;p_3020
p_3024;p_3023
p_801;p_803
p_801;p_798
p_3026;p_4928
p_3027;p_3022
p_3027;p_3026
p_3028;p_3027
p_800;p_5754
p_3029;p_3235
p_805;p_1473
p_803;p_805
p_803;p_806
p_804;p_800
p_804;p_798
p_804;p_813
p_3032;p_3034
p_3030;p_4929
p_3036;p_4400
p_3035;p_3036
p_3035;p_4196
p_3034;p_4194
p_3034;p_3336
p_3039;p_5715
p_3037;p_489
p_3037;p_5704
p_3038;p_586
p_3001;p_2998
p_3000;p_3003
p_3000;p_3294
p_3003;p_3018
p_3002;p_3001
p_3002;p_3004
p_3008;p_2995
p_3004;p_3007
p_3007;p_3017
p_3014;p_3218
p_3012;p_3011
p_3011;p_3008
p_3010;p_3013
p_3017;p_3014
p_3018;p_3020
p_3018;p_3023
p_4510;p_1614
p_4519;p_2319
p_4519;p_2317
p_4513;p_1552
p_4511;p_4510
p_4512;p_4158
p_4517;p_2348
p_4517;p_2329
p_4518;p_2378
p_4515;p_2764
p_4516;p_5050
p_4521;p_2786
p_4520;p_4522
p_4522;p_4524
p_4523;p_4521
p_4524;p_4992
p_4525;p_4523
p_4527;p_3168
p_4527;p_3446
p_4527;p_5524
p_4528;p_4529
p_4529;p_4532
p_4529;p_5076
p_4529;p_2630
p_4508;p_4507
p_4509;p_4429
p_4504;p_3436
p_4505;p_1202
p_4506;p_4505
p_4506;p_1203
p_4506;p_1127
p_4507;p_2779
p_4500;p_1661
p_4501;p_1658
p_4503;p_285
p_4556;p_3028
p_3950;p_3101
p_3951;p_98
p_4558;p_670
p_3952;p_4138
p_4557;p_685
p_3953;p_3952
p_4559;p_4558
p_3955;p_458
p_3956;p_477
p_4550;p_885
p_4552;p_6154
p_4552;p_1152
p_4554;p_4552
p_4569;p_4570
p_3941;p_4251
p_3941;p_985
p_4568;p_4565
p_3942;p_4773
p_4566;p_5166
p_3945;p_2203
p_3945;p_2214
p_3946;p_4315
p_3943;p_1715
p_3948;p_3045
p_4560;p_3739
p_4564;p_5163
p_4564;p_3740
p_4565;p_4564
p_4563;p_4566
p_4538;p_2307
p_4538;p_2757
p_3932;p_3922
p_3933;p_3931
p_4539;p_2755
p_4534;p_4535
p_4533;p_4536
p_3930;p_3932
p_4535;p_4530
p_3931;p_3929
p_4530;p_4531
p_4531;p_3172
p_4532;p_4533
p_3923;p_3926
p_3924;p_3921
p_4549;p_647
p_3921;p_3933
p_4548;p_1048
p_3922;p_3923
p_4547;p_1047
p_4546;p_1681
p_4546;p_1351
p_4546;p_6175
p_3920;p_3927
p_4545;p_1362
p_4545;p_1358
p_4544;p_1365
p_4544;p_1354
p_3929;p_3892
p_3927;p_3925
p_3928;p_3919
p_3925;p_3924
p_3926;p_3928
p_4542;p_1597
p_4543;p_4544
p_4540;p_4085
p_3919;p_3917
p_3918;p_3920
p_4599;p_639
p_3910;p_5761
p_4591;p_520
p_4594;p_3202
p_4593;p_1106
p_4596;p_2263
p_4596;p_592
p_4595;p_4594
p_4598;p_1101
p_4598;p_1111
p_4598;p_1115
p_4598;p_1113
p_4597;p_201
p_4590;p_4591
p_3906;p_5065
p_3904;p_5067
p_3908;p_3906
p_3902;p_3904
p_3900;p_3902
p_1797;p_1798
p_1796;p_1812
p_1795;p_4497
p_1794;p_1789
p_4578;p_4580
p_1798;p_1793
p_1798;p_1789
p_4574;p_5766
p_4573;p_4574
p_4576;p_5582
p_4575;p_5584
p_4570;p_4572
p_1792;p_1790
p_1793;p_4349
p_1793;p_1249
p_1793;p_1253
p_4572;p_4573
p_1790;p_1793
p_1790;p_4262
p_4571;p_3735
p_1791;p_1804
p_1791;p_1807
p_1783;p_3961
p_1786;p_2129
p_1785;p_1779
p_1785;p_6204
p_1788;p_1775
p_1788;p_1778
p_1787;p_6204
p_4588;p_685
p_4589;p_399
p_1789;p_1791
p_4586;p_653
p_4585;p_661
p_4584;p_3742
p_4582;p_5586
p_1780;p_1781
p_4581;p_5581
p_1781;p_6204
p_4580;p_3744
p_5058;p_4377
p_5058;p_535
p_5057;p_4046
p_5940;p_2241
p_5059;p_3563
p_5054;p_1396
p_5053;p_4135
p_5056;p_3470
p_5050;p_2360
p_2382;p_2381
p_2496;p_2504
p_2383;p_5193
p_2497;p_2513
p_2380;p_2384
p_2494;p_2466
p_5051;p_2368
p_2381;p_2828
p_1760;p_1752
p_1760;p_4979
p_2386;p_2389
p_2492;p_2509
p_2387;p_2389
p_2493;p_2139
p_2384;p_2372
p_2491;p_2493
p_2491;p_2499
p_1763;p_1761
p_1764;p_3876
p_1761;p_1752
p_2389;p_4385
p_2389;p_2069
p_1762;p_1764
p_1767;p_1768
p_1768;p_1747
p_1765;p_1763
p_2499;p_2496
p_1766;p_1772
p_2498;p_2500
p_5945;p_4010
p_5947;p_3991
p_1769;p_1780
p_5941;p_1098
p_5943;p_5777
p_5951;p_4322
p_5049;p_570
p_5048;p_546
p_5046;p_446
p_5046;p_5822
p_2370;p_4945
p_2371;p_2383
p_2372;p_2386
p_2373;p_2370
p_2374;p_2350
p_1771;p_1236
p_2375;p_2351
p_1770;p_1771
p_2376;p_2375
p_2376;p_2801
p_1772;p_1776
p_2378;p_2377
p_2378;p_2366
p_2377;p_4944
p_1775;p_1770
p_2379;p_2376
p_1776;p_1777
p_1777;p_1787
p_1778;p_1786
p_1778;p_3961
p_1779;p_1777
p_1779;p_1246
p_5034;p_5035
p_5033;p_1716
p_5036;p_5208
p_5036;p_5010
p_5035;p_5036
p_5038;p_1713
p_5037;p_6262
p_2364;p_2047
p_2470;p_2121
p_2365;p_2356
p_2363;p_2364
p_2360;p_2374
p_2360;p_2361
p_2474;p_2459
p_2361;p_2363
p_2361;p_2368
p_2475;p_2476
p_2475;p_3280
p_2475;p_6172
p_2475;p_6171
p_2475;p_6170
p_2475;p_6169
p_2475;p_6197
p_2472;p_2479
p_2473;p_2474
p_2473;p_2472
p_1745;p_1743
p_2479;p_2485
p_2479;p_2489
p_2479;p_3268
p_1746;p_4423
p_1746;p_1745
p_2478;p_2461
p_1743;p_1754
p_1743;p_1752
p_1743;p_4977
p_1744;p_1742
p_2476;p_5085
p_2476;p_3280
p_1741;p_4408
p_1741;p_1224
p_2369;p_2379
p_2369;p_2367
p_1742;p_1224
p_2368;p_2366
p_2367;p_2358
p_1740;p_1738
p_1740;p_5234
p_2366;p_2382
p_2366;p_2384
p_5039;p_1608
p_5967;p_4939
p_5967;p_916
p_5967;p_1125
p_5967;p_1166
p_5967;p_1177
p_1749;p_1766
p_1747;p_1746
p_1747;p_4981
p_5023;p_5024
p_5022;p_1918
p_5027;p_5025
p_4491;p_5707
p_5971;p_3098
p_5025;p_4694
p_5024;p_5029
p_2351;p_2352
p_4495;p_4496
p_2352;p_2322
p_2480;p_4846
p_4493;p_5214
p_2482;p_2478
p_2482;p_4846
p_4498;p_1760
p_2483;p_2470
p_2483;p_2463
p_4499;p_4152
p_2484;p_2491
p_4496;p_3025
p_2485;p_2507
p_2485;p_2512
p_2485;p_2491
p_2485;p_2484
p_4497;p_1798
p_4497;p_1793
p_2350;p_2345
p_1754;p_2095
p_1754;p_5567
p_2488;p_2483
p_1755;p_1744
p_1755;p_5505
p_2359;p_2324
p_2359;p_2325
p_2487;p_2480
p_1756;p_1755
p_1756;p_2095
p_1756;p_2112
p_1757;p_1760
p_2489;p_2488
p_1750;p_1769
p_2356;p_2357
p_1752;p_1729
p_2358;p_2359
p_1753;p_4407
p_2357;p_2358
p_5977;p_3376
p_5029;p_5027
p_1758;p_4977
p_5013;p_4978
p_5016;p_5018
p_5010;p_5011
p_5011;p_5012
p_5012;p_1757
p_5012;p_2095
p_1728;p_1727
p_1728;p_1732
p_796;p_151
p_796;p_165
p_1727;p_1726
p_1727;p_5535
p_795;p_797
p_1726;p_2097
p_1726;p_2087
p_798;p_791
p_5903;p_1923
p_1725;p_1724
p_797;p_814
p_5018;p_1666
p_5017;p_3329
p_791;p_4785
p_794;p_793
p_794;p_790
p_5019;p_4626
p_1729;p_1693
p_793;p_4670
p_5909;p_2075
p_3987;p_3991
p_1724;p_1721
p_3983;p_359
p_1723;p_2085
p_799;p_803
p_3986;p_846
p_1722;p_5149
p_1722;p_1694
p_1722;p_5362
p_1722;p_1025
p_1722;p_4982
p_1722;p_6199
p_3985;p_534
p_1721;p_1602
p_3992;p_3997
p_3990;p_5947
p_3990;p_3517
p_3991;p_3992
p_5004;p_5722
p_5005;p_871
p_5002;p_1025
p_5003;p_5306
p_5000;p_2597
p_5001;p_3454
p_1737;p_1756
p_1736;p_1756
p_5912;p_2859
p_1738;p_4976
p_5009;p_5540
p_5008;p_2601
p_5007;p_4967
p_5006;p_2598
p_3999;p_6241
p_3998;p_4012
p_3998;p_3597
p_3997;p_3998
p_1733;p_1753
p_1732;p_1756
p_1732;p_1753
p_1735;p_1756
p_5916;p_1098
p_5916;p_1089
p_1734;p_1756
p_5920;p_4331
p_770;p_5755
p_3969;p_4498
p_3969;p_1755
p_3969;p_1758
p_1709;p_1756
p_1708;p_1723
p_772;p_770
p_1707;p_1727
p_771;p_4699
p_771;p_127
p_5924;p_4049
p_773;p_801
p_5926;p_4061
p_776;p_769
p_775;p_776
p_5928;p_4272
p_3962;p_2081
p_3962;p_2082
p_1702;p_1729
p_778;p_781
p_778;p_760
p_3961;p_1767
p_3963;p_3639
p_779;p_127
p_3966;p_1566
p_3965;p_1582
p_2395;p_5228
p_2398;p_2419
p_2398;p_2073
p_2397;p_2411
p_2397;p_2401
p_3970;p_3969
p_2394;p_2403
p_2393;p_2395
p_2393;p_5453
p_2390;p_2394
p_790;p_799
p_782;p_779
p_781;p_1447
p_781;p_1442
p_780;p_4662
p_5937;p_2241
p_1715;p_1691
p_1715;p_1610
p_786;p_3973
p_1717;p_1722
p_1717;p_1716
p_1717;p_2086
p_5934;p_4550
p_1716;p_5037
p_1716;p_1715
p_1716;p_6262
p_1711;p_1756
p_3974;p_1449
p_1710;p_1756
p_3973;p_801
p_1713;p_1723
p_1713;p_5420
p_1713;p_4982
p_789;p_4661
p_5938;p_4486
p_3972;p_712
p_1712;p_1756
p_2399;p_2074
p_3977;p_772
p_3977;p_778
p_2301;p_2303
p_2415;p_2401
p_2415;p_5553
p_2300;p_4539
p_2414;p_2415
p_2414;p_2409
p_2414;p_5473
p_759;p_758
p_2303;p_2291
p_2417;p_3962
p_2302;p_2309
p_2416;p_2423
p_2416;p_2421
p_757;p_755
p_2305;p_2308
p_2305;p_2760
p_2411;p_2414
p_2411;p_2833
p_758;p_4700
p_2304;p_2302
p_2410;p_2398
p_755;p_5561
p_2307;p_2306
p_2413;p_4018
p_756;p_4095
p_2306;p_2336
p_2412;p_2414
p_2412;p_2410
p_753;p_751
p_2309;p_4538
p_2308;p_2301
p_751;p_757
p_751;p_750
p_752;p_747
p_752;p_748
p_2419;p_5034
p_750;p_5074
p_2418;p_2397
p_2428;p_2422
p_2427;p_2438
p_2427;p_2443
p_2426;p_2427
p_2425;p_2417
p_766;p_3977
p_2424;p_2417
p_2424;p_2425
p_767;p_127
p_2423;p_2426
p_2423;p_2435
p_2423;p_5249
p_2422;p_2423
p_769;p_771
p_2421;p_2444
p_762;p_1433
p_760;p_4908
p_2429;p_2103
p_2420;p_2417
p_2420;p_5249
p_735;p_733
p_733;p_726
p_734;p_4554
p_737;p_742
p_731;p_5433
p_732;p_734
p_730;p_727
p_744;p_3452
p_744;p_5520
p_2401;p_2399
p_2401;p_2400
p_2401;p_5470
p_746;p_5519
p_2400;p_5453
p_747;p_742
p_748;p_1133
p_2406;p_6202
p_749;p_753
p_749;p_747
p_749;p_5516
p_2404;p_2406
p_2404;p_5599
p_2403;p_2404
p_2409;p_4386
p_2409;p_2825
p_2408;p_2409
p_741;p_735
p_741;p_749
p_741;p_5434
p_741;p_1135
p_742;p_741
p_742;p_718
p_742;p_3444
p_743;p_744
p_5987;p_3386
p_5985;p_3607
p_718;p_5434
p_2344;p_2349
p_2458;p_5781
p_717;p_741
p_2345;p_2347
p_2459;p_5147
p_716;p_714
p_2346;p_2344
p_715;p_4949
p_2347;p_2337
p_714;p_4947
p_2348;p_4518
p_713;p_711
p_2349;p_5051
p_712;p_4412
p_711;p_708
p_2457;p_5147
p_2457;p_2458
p_5095;p_5537
p_5096;p_5156
p_2450;p_2472
p_2450;p_2445
p_5093;p_4896
p_2453;p_2445
p_5094;p_172
p_2340;p_2337
p_719;p_721
p_2343;p_2345
p_2343;p_4989
p_5090;p_2482
p_5090;p_3266
p_5090;p_3278
p_5983;p_3108
p_5099;p_5101
p_5097;p_5099
p_5098;p_5536
p_721;p_728
p_720;p_1201
p_5998;p_4146
p_727;p_722
p_2335;p_2305
p_2336;p_2313
p_729;p_731
p_2333;p_2760
p_2469;p_2468
p_728;p_729
p_2334;p_2336
p_723;p_732
p_2467;p_4925
p_722;p_720
p_2468;p_2467
p_725;p_716
p_2337;p_4517
p_2337;p_2315
p_2465;p_2462
p_724;p_1201
p_2338;p_2346
p_2466;p_4924
p_5082;p_1118
p_2464;p_2461
p_5083;p_3346
p_2463;p_2464
p_5084;p_3312
p_2462;p_2469
p_5085;p_3311
p_2461;p_2457
p_2332;p_2330
p_2460;p_2475
p_2331;p_2333
p_5080;p_3851
p_2330;p_4984
p_5081;p_1170
p_5993;p_3217
p_5994;p_3349
p_5086;p_2683
p_5087;p_2679
p_5088;p_4686
p_5089;p_4597
p_2326;p_2360
p_2432;p_2107
p_2327;p_2037
p_2328;p_2339
p_2329;p_2323
p_2435;p_2436
p_2322;p_2321
p_2322;p_2031
p_2436;p_2846
p_2323;p_4516
p_2437;p_2424
p_2324;p_2328
p_2438;p_2442
p_2325;p_2327
p_2439;p_2424
p_2439;p_4358
p_5070;p_3772
p_5070;p_5806
p_2321;p_4517
p_2321;p_2318
p_2320;p_2321
p_5073;p_4415
p_5073;p_1097
p_5074;p_1154
p_5071;p_5068
p_2431;p_2460
p_5072;p_414
p_5072;p_1095
p_2430;p_2428
p_5077;p_5007
p_5077;p_2603
p_5078;p_2854
p_5075;p_2630
p_5076;p_4001
p_5079;p_3860
p_2319;p_2320
p_2319;p_4069
p_701;p_1116
p_2317;p_2338
p_2445;p_2429
p_2445;p_2420
p_2318;p_2310
p_2446;p_2450
p_2315;p_2318
p_2443;p_2450
p_2443;p_4359
p_702;p_3571
p_2444;p_2449
p_2444;p_2448
p_705;p_690
p_2313;p_2311
p_2449;p_2472
p_2449;p_3280
p_704;p_3571
p_2314;p_2335
p_707;p_3972
p_2311;p_4519
p_706;p_707
p_706;p_980
p_2312;p_2314
p_2448;p_5641
p_708;p_4879
p_708;p_980
p_2310;p_2312
p_709;p_707
p_709;p_4879
p_5060;p_3564
p_2442;p_5657
p_5061;p_3433
p_2441;p_2440
p_5062;p_3836
p_5062;p_5496
p_2440;p_2439
p_5064;p_4762
p_5065;p_5064
p_5066;p_3910
p_5067;p_3908
p_5068;p_3803
p_5068;p_3756
p_5068;p_3761
p_5069;p_5071
p_2722;p_2282
p_2723;p_2730
p_2724;p_2725
p_2724;p_2726
p_2725;p_4156
p_2725;p_3659
p_2720;p_2718
p_2721;p_2713
p_2726;p_4845
p_2727;p_2724
p_2727;p_2729
p_2727;p_2735
p_2728;p_2738
p_2729;p_2704
p_2713;p_4482
p_2712;p_2720
p_2712;p_2713
p_2719;p_2721
p_2717;p_2722
p_2717;p_2720
p_2718;p_2746
p_2740;p_2743
p_3104;p_3124
p_2741;p_2769
p_3103;p_3105
p_2742;p_2741
p_2743;p_2744
p_3105;p_4713
p_3108;p_3104
p_2745;p_2742
p_2746;p_2748
p_2746;p_5573
p_2747;p_2749
p_3109;p_3124
p_2748;p_2747
p_2749;p_5783
p_7;p_4709
p_8;p_5627
p_8;p_4701
p_9;p_4
p_1;p_5
p_1;p_4705
p_4;p_5635
p_4;p_5507
p_3100;p_4994
p_5;p_5233
p_3101;p_3102
p_3102;p_3103
p_3117;p_3375
p_3116;p_3114
p_3115;p_3117
p_2730;p_2728
p_2730;p_2735
p_3114;p_3113
p_2735;p_2717
p_2736;p_4903
p_3119;p_3116
p_2734;p_2726
p_2734;p_2735
p_2737;p_2870
p_2738;p_2737
p_3112;p_3115
p_3113;p_4068
p_3110;p_3112
p_3129;p_3127
p_3127;p_4922
p_3128;p_3132
p_3128;p_4071
p_3122;p_3130
p_3124;p_3155
p_3124;p_499
p_3123;p_3110
p_3123;p_4072
p_3136;p_3110
p_3136;p_3122
p_3135;p_3391
p_3134;p_3127
p_3134;p_3156
p_3133;p_3127
p_3132;p_3135
p_3132;p_3157
p_3131;p_3123
p_3130;p_3129
p_2705;p_2723
p_2704;p_2693
p_2709;p_2711
p_2701;p_1320
p_2700;p_2701
p_2703;p_4481
p_3144;p_509
p_3145;p_3155
p_3145;p_4653
p_3159;p_3162
p_3153;p_3405
p_3152;p_3150
p_3150;p_4803
p_3157;p_3407
p_3157;p_3408
p_3156;p_3144
p_3156;p_3152
p_3155;p_3135
p_3155;p_3156
p_4211;p_4454
p_4210;p_1152
p_4213;p_4211
p_4212;p_451
p_1671;p_3204
p_1672;p_1674
p_4219;p_4241
p_1675;p_1672
p_1674;p_1663
p_1673;p_1671
p_4214;p_4213
p_4215;p_5048
p_1679;p_1344
p_4216;p_460
p_1678;p_1663
p_1678;p_5506
p_1677;p_290
p_4224;p_5501
p_4223;p_462
p_4220;p_5500
p_1660;p_1649
p_1661;p_5127
p_1661;p_1660
p_1663;p_1660
p_1663;p_1662
p_1662;p_2926
p_4229;p_4343
p_1665;p_4026
p_4227;p_4341
p_4228;p_464
p_4228;p_461
p_1666;p_4867
p_4226;p_4684
p_1668;p_5195
p_1668;p_2917
p_499;p_494
p_498;p_4689
p_498;p_4688
p_495;p_496
p_494;p_4025
p_5400;p_3097
p_5401;p_2815
p_1693;p_5149
p_1694;p_1728
p_1694;p_1723
p_4231;p_4229
p_1691;p_1029
p_4230;p_4232
p_4230;p_469
p_1692;p_1690
p_1692;p_5300
p_1692;p_1598
p_1692;p_1599
p_4233;p_4235
p_1690;p_1713
p_1690;p_1694
p_4235;p_4236
p_4234;p_195
p_4236;p_4229
p_4236;p_4341
p_1697;p_1723
p_5403;p_5405
p_5402;p_2557
p_5402;p_5796
p_5405;p_5407
p_5405;p_3823
p_5404;p_5329
p_5407;p_5409
p_5407;p_3827
p_5406;p_3845
p_5409;p_3813
p_5408;p_5409
p_4242;p_4240
p_1680;p_1352
p_1680;p_1351
p_4241;p_4243
p_1681;p_1679
p_4240;p_4220
p_4246;p_4245
p_4245;p_14
p_4244;p_31
p_4243;p_4227
p_4249;p_961
p_4249;p_963
p_4247;p_4249
p_4248;p_281
p_5416;p_4629
p_5415;p_4678
p_5414;p_5415
p_5413;p_3525
p_5417;p_1265
p_5421;p_193
p_5420;p_1025
p_5423;p_4317
p_5422;p_4477
p_5428;p_2623
p_5428;p_4636
p_5429;p_2943
p_5424;p_4988
p_3815;p_3771
p_5425;p_4991
p_3816;p_1189
p_5426;p_5425
p_3817;p_4876
p_5427;p_1429
p_3818;p_3814
p_3818;p_3822
p_3811;p_4740
p_3812;p_5222
p_3812;p_5590
p_3813;p_4679
p_3813;p_4756
p_3814;p_4679
p_3810;p_3803
p_5434;p_4554
p_5434;p_730
p_5433;p_717
p_5432;p_589
p_5431;p_5430
p_5430;p_5429
p_5439;p_5441
p_3808;p_5069
p_3809;p_4739
p_5438;p_5435
p_5435;p_2945
p_3804;p_5070
p_3804;p_3811
p_3804;p_6178
p_3802;p_3804
p_3803;p_3812
p_3803;p_5589
p_3800;p_3802
p_3800;p_3801
p_3800;p_5587
p_3801;p_3802
p_5441;p_2957
p_5441;p_2982
p_5440;p_5438
p_5443;p_5444
p_5442;p_912
p_5445;p_5446
p_5444;p_5445
p_5446;p_5447
p_3837;p_3834
p_5447;p_5448
p_3838;p_3839
p_5448;p_5449
p_3839;p_3886
p_3832;p_3836
p_3833;p_5658
p_3834;p_3838
p_3834;p_1155
p_3835;p_3833
p_3836;p_3840
p_4201;p_1136
p_4202;p_4201
p_5452;p_535
p_5455;p_5149
p_5455;p_4975
p_5454;p_1723
p_5454;p_1693
p_5454;p_5455
p_5453;p_2409
p_5453;p_2408
p_5453;p_5553
p_3828;p_5487
p_5457;p_15
p_3826;p_3827
p_5458;p_116
p_3827;p_3808
p_3827;p_3809
p_4206;p_4207
p_3821;p_5314
p_4203;p_5563
p_3824;p_5406
p_3824;p_3825
p_4209;p_3730
p_3825;p_3826
p_4208;p_3729
p_4208;p_3725
p_3822;p_5748
p_4207;p_4208
p_3823;p_3849
p_3823;p_4956
p_415;p_407
p_414;p_432
p_3840;p_3837
p_417;p_1948
p_416;p_408
p_3842;p_5329
p_2049;p_2360
p_3845;p_3844
p_418;p_1948
p_3844;p_5404
p_2047;p_4914
p_2048;p_2365
p_3846;p_3845
p_3849;p_3848
p_5358;p_1608
p_3848;p_3846
p_411;p_527
p_410;p_4369
p_413;p_415
p_412;p_417
p_412;p_407
p_5350;p_5421
p_5350;p_182
p_5353;p_5354
p_5354;p_3198
p_4181;p_3395
p_5355;p_1717
p_4180;p_3396
p_5356;p_1599
p_4183;p_4197
p_5357;p_1599
p_4182;p_4809
p_4185;p_4186
p_2046;p_2042
p_2046;p_6221
p_4184;p_3239
p_2045;p_2051
p_2044;p_2046
p_4186;p_3333
p_2043;p_2041
p_4189;p_4192
p_4189;p_4190
p_2042;p_2039
p_4188;p_3244
p_4188;p_3333
p_2041;p_2045
p_2040;p_2038
p_3854;p_5080
p_427;p_1971
p_427;p_5737
p_426;p_424
p_425;p_427
p_425;p_431
p_3851;p_3816
p_3851;p_4756
p_2036;p_2326
p_2036;p_2033
p_3858;p_3856
p_2037;p_2027
p_3857;p_4749
p_2038;p_2043
p_3856;p_5750
p_429;p_430
p_429;p_541
p_2039;p_2017
p_3855;p_3854
p_3855;p_5752
p_5348;p_1756
p_5347;p_3631
p_3859;p_3858
p_424;p_445
p_423;p_5735
p_421;p_418
p_5340;p_3627
p_5345;p_5347
p_5346;p_5545
p_4176;p_4177
p_2033;p_5474
p_4175;p_4004
p_2032;p_2015
p_4174;p_4181
p_4174;p_5789
p_2035;p_2326
p_4173;p_4869
p_4173;p_3605
p_2034;p_2035
p_4179;p_3601
p_4178;p_4180
p_2031;p_2019
p_4177;p_3603
p_2030;p_2320
p_3866;p_3868
p_2069;p_1717
p_2069;p_5355
p_2069;p_2064
p_2069;p_2063
p_2069;p_2080
p_3869;p_3870
p_3868;p_3869
p_3863;p_5325
p_1602;p_6264
p_1602;p_6261
p_436;p_413
p_3862;p_3863
p_1601;p_1609
p_1601;p_2055
p_1600;p_1713
p_1600;p_1691
p_1600;p_1609
p_1600;p_1608
p_1600;p_1610
p_1607;p_1610
p_433;p_429
p_1606;p_1610
p_432;p_426
p_432;p_424
p_1605;p_1610
p_435;p_434
p_1604;p_1610
p_434;p_432
p_1609;p_2086
p_431;p_436
p_431;p_433
p_1608;p_1612
p_430;p_4376
p_5375;p_6242
p_2064;p_1717
p_2063;p_1717
p_2062;p_1717
p_3860;p_3855
p_2061;p_3943
p_3861;p_3862
p_2067;p_4856
p_2059;p_2056
p_1610;p_5123
p_1610;p_5122
p_1610;p_2053
p_1610;p_2055
p_1610;p_2054
p_1610;p_6253
p_1610;p_5736
p_3878;p_2147
p_3877;p_3878
p_1612;p_4767
p_3876;p_2127
p_449;p_448
p_3875;p_2927
p_3875;p_2922
p_1614;p_1618
p_448;p_4453
p_3874;p_5401
p_446;p_425
p_1615;p_4513
p_445;p_181
p_445;p_179
p_1618;p_5232
p_444;p_3955
p_444;p_546
p_1617;p_1618
p_443;p_4902
p_442;p_443
p_1619;p_1615
p_1619;p_1636
p_5369;p_5367
p_5367;p_4006
p_4194;p_4195
p_4193;p_3339
p_5365;p_1488
p_4192;p_3330
p_5366;p_5368
p_4191;p_3248
p_4190;p_4191
p_2051;p_2055
p_3871;p_5079
p_3872;p_1522
p_2053;p_2067
p_2053;p_4911
p_2052;p_2044
p_3870;p_3871
p_4198;p_3333
p_2055;p_5355
p_2055;p_2078
p_2055;p_2079
p_2055;p_2076
p_2055;p_5568
p_4197;p_4195
p_2054;p_5194
p_2054;p_2056
p_4196;p_4184
p_4195;p_3030
p_2056;p_2052
p_450;p_3955
p_451;p_449
p_452;p_195
p_453;p_454
p_1628;p_1631
p_454;p_463
p_1629;p_1622
p_455;p_452
p_456;p_442
p_456;p_464
p_456;p_461
p_1627;p_190
p_4149;p_5428
p_4149;p_2612
p_1624;p_1639
p_458;p_4224
p_458;p_459
p_3884;p_3881
p_3884;p_2137
p_4148;p_2627
p_1625;p_1624
p_459;p_563
p_459;p_546
p_2009;p_2029
p_3885;p_6130
p_1622;p_1620
p_1622;p_1642
p_2008;p_2020
p_2008;p_2023
p_3886;p_3887
p_1623;p_1627
p_3887;p_3885
p_1620;p_4841
p_3888;p_3895
p_3889;p_3890
p_2003;p_1997
p_4140;p_4141
p_4141;p_4142
p_4143;p_759
p_2000;p_2008
p_2000;p_5554
p_5391;p_4938
p_3881;p_2508
p_3881;p_3882
p_5390;p_5392
p_5393;p_5391
p_4146;p_2606
p_5392;p_393
p_3882;p_2125
p_5395;p_1904
p_5394;p_5407
p_5394;p_5408
p_5397;p_332
p_5396;p_5398
p_5399;p_5400
p_5398;p_5399
p_460;p_4214
p_463;p_459
p_464;p_442
p_461;p_4345
p_462;p_464
p_1637;p_1640
p_1637;p_1641
p_467;p_481
p_1638;p_1648
p_468;p_4226
p_468;p_469
p_1639;p_1645
p_465;p_4234
p_466;p_472
p_1633;p_1630
p_3897;p_4959
p_4139;p_4140
p_4138;p_759
p_4138;p_4139
p_1635;p_1617
p_469;p_470
p_3895;p_3893
p_1636;p_1564
p_1630;p_1629
p_1631;p_1632
p_1632;p_5145
p_3890;p_4997
p_4130;p_4037
p_4135;p_5459
p_3894;p_3889
p_3893;p_3930
p_3892;p_3894
p_3891;p_3888
p_5386;p_5385
p_5385;p_5384
p_5383;p_5338
p_471;p_467
p_5389;p_5390
p_470;p_4344
p_5388;p_2553
p_5388;p_2210
p_477;p_479
p_1648;p_5127
p_1648;p_1650
p_1649;p_1644
p_1649;p_6078
p_479;p_484
p_472;p_474
p_473;p_471
p_473;p_5468
p_474;p_5117
p_474;p_473
p_1642;p_1638
p_1642;p_1648
p_1642;p_1646
p_1642;p_5655
p_2028;p_2036
p_1643;p_1637
p_1643;p_1647
p_2027;p_2026
p_1640;p_1623
p_2026;p_2016
p_2026;p_2011
p_1641;p_1620
p_1641;p_5315
p_1646;p_2901
p_1647;p_1658
p_1644;p_1637
p_1644;p_2886
p_1645;p_1646
p_2029;p_2028
p_2020;p_2030
p_4162;p_3666
p_2023;p_2032
p_4163;p_2869
p_4164;p_5669
p_4164;p_4712
p_2021;p_6207
p_4165;p_5118
p_2022;p_6207
p_2022;p_6220
p_480;p_5089
p_4160;p_4512
p_482;p_466
p_4161;p_5232
p_481;p_201
p_489;p_491
p_487;p_490
p_488;p_3038
p_485;p_480
p_486;p_485
p_484;p_487
p_2015;p_2034
p_2015;p_2018
p_1652;p_212
p_1652;p_286
p_2014;p_2016
p_1653;p_1654
p_2017;p_2014
p_1654;p_1657
p_2016;p_2022
p_1655;p_1652
p_1655;p_205
p_2019;p_2021
p_1656;p_1652
p_1656;p_1657
p_2018;p_2040
p_1657;p_1646
p_1657;p_1644
p_4159;p_2888
p_1658;p_5350
p_1658;p_200
p_1658;p_197
p_4157;p_4474
p_4158;p_4499
p_4155;p_4156
p_4156;p_4484
p_4156;p_1324
p_4153;p_3668
p_4151;p_2611
p_1650;p_2932
p_4152;p_3660
p_493;p_500
p_493;p_4673
p_492;p_493
p_491;p_486
p_490;p_488
p_490;p_3040
p_3050;p_3048
p_3051;p_3053
p_3052;p_3948
p_2790;p_2793
p_3053;p_3055
p_3054;p_3052
p_2792;p_2788
p_3055;p_3057
p_3057;p_597
p_2793;p_2377
p_2793;p_2366
p_2793;p_2802
p_2795;p_4507
p_2795;p_2889
p_2796;p_2795
p_2797;p_2798
p_2798;p_2789
p_2799;p_2816
p_3042;p_3043
p_3043;p_3050
p_3040;p_3042
p_3041;p_3039
p_3046;p_4863
p_3047;p_3049
p_3044;p_3041
p_3045;p_3047
p_3049;p_3044
p_3048;p_3046
p_3070;p_3074
p_3077;p_3099
p_3074;p_5008
p_3074;p_2601
p_3061;p_583
p_3066;p_2574
p_3067;p_3062
p_3064;p_3070
p_3064;p_4964
p_3062;p_3092
p_3063;p_3066
p_3096;p_3098
p_3098;p_3100
p_3097;p_3096
p_3099;p_3094
p_3099;p_4995
p_3092;p_5110
p_3092;p_3091
p_3091;p_3063
p_3091;p_4973
p_3094;p_2599
p_2759;p_2334
p_2759;p_2332
p_2752;p_2764
p_2751;p_2754
p_2754;p_5513
p_2753;p_2751
p_2755;p_2752
p_2755;p_2758
p_2758;p_2301
p_2758;p_2759
p_2757;p_2761
p_2760;p_2757
p_2761;p_2751
p_2761;p_2763
p_2765;p_2768
p_2764;p_2758
p_2763;p_2753
p_2763;p_2772
p_2769;p_2868
p_2768;p_2745
p_2767;p_2766
p_2766;p_5636
p_2770;p_2740
p_2772;p_2773
p_2778;p_2883
p_2777;p_2779
p_2777;p_2780
p_2779;p_4515
p_2779;p_2772
p_2773;p_2719
p_2773;p_2765
p_2773;p_2873
p_2776;p_2775
p_2775;p_2797
p_2775;p_2891
p_2782;p_2778
p_2780;p_2781
p_2781;p_2787
p_407;p_4373
p_407;p_1933
p_408;p_409
p_409;p_4375
p_2789;p_2790
p_2788;p_2796
p_403;p_3486
p_2787;p_4520
p_404;p_403
p_2786;p_2782
p_405;p_408
p_405;p_1952
p_406;p_4371
p_2627;p_2623
p_2628;p_3490
p_2629;p_3532
p_3225;p_4933
p_2620;p_2623
p_2621;p_3544
p_3227;p_3216
p_3226;p_3351
p_2623;p_4146
p_2623;p_4834
p_3229;p_4934
p_2625;p_4149
p_2625;p_2621
p_2626;p_2966
p_3220;p_4932
p_3221;p_3220
p_2618;p_2626
p_2617;p_628
p_2610;p_5428
p_3238;p_4183
p_2611;p_2618
p_3237;p_3028
p_3237;p_3232
p_3236;p_4695
p_3235;p_3234
p_2614;p_4638
p_2612;p_2617
p_2613;p_4636
p_3239;p_3240
p_3233;p_4556
p_3234;p_3231
p_3231;p_3229
p_3231;p_3236
p_3232;p_3233
p_2609;p_2608
p_2605;p_332
p_2606;p_3357
p_2607;p_2610
p_2608;p_4630
p_2601;p_5006
p_2603;p_4628
p_3209;p_1668
p_3209;p_3204
p_3208;p_1668
p_3202;p_3199
p_3205;p_5211
p_3205;p_1672
p_3205;p_1675
p_2600;p_5077
p_3204;p_306
p_3204;p_297
p_3200;p_609
p_3200;p_3201
p_3201;p_607
p_3219;p_5196
p_3218;p_363
p_3217;p_3012
p_3216;p_3214
p_3215;p_5083
p_3215;p_363
p_3214;p_3212
p_3211;p_2973
p_3212;p_4874
p_3210;p_2981
p_3268;p_4391
p_3269;p_3267
p_3261;p_4199
p_3260;p_3344
p_3263;p_3260
p_3264;p_3263
p_3267;p_2482
p_3266;p_2482
p_3270;p_3269
p_3274;p_5090
p_3273;p_4360
p_3271;p_4392
p_3278;p_3281
p_3278;p_2861
p_3277;p_2473
p_3277;p_3276
p_3277;p_3311
p_3276;p_4927
p_3246;p_3244
p_3246;p_3331
p_3247;p_3246
p_3248;p_3251
p_3249;p_3246
p_3243;p_3331
p_3242;p_3241
p_3244;p_1083
p_3244;p_4821
p_3241;p_3238
p_3240;p_5184
p_3240;p_4185
p_3259;p_4397
p_3257;p_3255
p_3258;p_3256
p_3256;p_4397
p_3255;p_3259
p_3254;p_3252
p_3253;p_3340
p_3252;p_5209
p_3251;p_3253
p_4350;p_1806
p_4350;p_2152
p_1572;p_1571
p_1572;p_1576
p_1573;p_1575
p_1570;p_1576
p_1571;p_4479
p_1571;p_1567
p_4354;p_2524
p_4353;p_2531
p_4355;p_2519
p_4355;p_2525
p_4357;p_2089
p_4358;p_2427
p_4359;p_5078
p_1579;p_1572
p_1578;p_1584
p_1577;p_1571
p_1577;p_1578
p_1576;p_1574
p_1575;p_1577
p_1574;p_2640
p_4363;p_4364
p_4362;p_525
p_1560;p_4433
p_1561;p_1559
p_4360;p_3288
p_1562;p_4431
p_1562;p_5247
p_4367;p_4368
p_4366;p_1091
p_4365;p_4366
p_4364;p_411
p_1568;p_3966
p_1567;p_3965
p_4368;p_4375
p_4369;p_4365
p_1569;p_1576
p_1564;p_5482
p_1563;p_1635
p_1566;p_4479
p_1565;p_5111
p_1565;p_4644
p_4332;p_4333
p_4331;p_4332
p_4333;p_832
p_1550;p_3665
p_1551;p_1549
p_4339;p_842
p_1553;p_170
p_1552;p_4509
p_4335;p_4334
p_1559;p_1556
p_1558;p_1560
p_4337;p_4338
p_1557;p_1558
p_1556;p_5240
p_4345;p_455
p_4344;p_465
p_4343;p_468
p_4342;p_4230
p_4341;p_4342
p_4340;p_5049
p_1549;p_4429
p_1549;p_1547
p_1544;p_4459
p_1543;p_5763
p_4348;p_2536
p_1546;p_1544
p_1546;p_1543
p_4349;p_1796
p_1545;p_1553
p_1548;p_5248
p_4347;p_2537
p_4347;p_2540
p_1547;p_1562
p_2092;p_1738
p_2093;p_2092
p_5320;p_3332
p_2091;p_5510
p_5322;p_5321
p_5321;p_5066
p_5324;p_5322
p_2098;p_3962
p_2098;p_2416
p_2098;p_2418
p_2099;p_2100
p_2096;p_4498
p_2096;p_1755
p_2096;p_1757
p_2096;p_1758
p_2096;p_5567
p_2097;p_4498
p_2097;p_2095
p_2097;p_2115
p_2094;p_2093
p_2095;p_2110
p_2095;p_2108
p_4316;p_2552
p_4316;p_5701
p_3710;p_5809
p_3710;p_1190
p_4315;p_2665
p_3711;p_3714
p_3712;p_3713
p_4317;p_2656
p_3713;p_3636
p_3714;p_5069
p_3714;p_3817
p_5325;p_5328
p_3716;p_3718
p_3716;p_3719
p_5326;p_3861
p_5326;p_5324
p_3717;p_5562
p_5327;p_5326
p_3718;p_4206
p_5328;p_5337
p_3719;p_3723
p_5329;p_5336
p_5331;p_5332
p_5330;p_5403
p_5335;p_5331
p_5334;p_5333
p_5333;p_5335
p_5332;p_3842
p_4322;p_3999
p_4322;p_4323
p_4322;p_4325
p_4323;p_3596
p_4321;p_5366
p_4321;p_3598
p_4327;p_4324
p_4326;p_4007
p_4325;p_4326
p_4325;p_4324
p_4324;p_4323
p_3703;p_3710
p_3704;p_3705
p_4329;p_3567
p_5338;p_5667
p_5339;p_5544
p_3708;p_5538
p_5336;p_5327
p_3705;p_3619
p_3705;p_3686
p_5337;p_5330
p_3706;p_3708
p_3706;p_3709
p_3709;p_3704
p_3709;p_5670
p_5300;p_5301
p_5302;p_5303
p_5301;p_5302
p_1591;p_1600
p_2074;p_2081
p_2074;p_2082
p_2075;p_5034
p_2075;p_2416
p_2075;p_2418
p_2072;p_2061
p_2073;p_2074
p_2078;p_2076
p_1594;p_1600
p_1594;p_6264
p_2079;p_2076
p_2079;p_2077
p_1593;p_4542
p_1593;p_988
p_2076;p_2075
p_2077;p_6254
p_1598;p_1596
p_1598;p_1014
p_1598;p_1015
p_1599;p_1607
p_1599;p_1606
p_1599;p_1605
p_1599;p_1604
p_1599;p_1608
p_1599;p_1610
p_1599;p_6262
p_1596;p_2003
p_1596;p_6264
p_1596;p_4683
p_1597;p_1690
p_5303;p_5304
p_5305;p_4423
p_5306;p_5297
p_5306;p_1025
p_5311;p_5310
p_5310;p_4031
p_2080;p_2076
p_2081;p_1717
p_2081;p_5355
p_2081;p_2054
p_2082;p_5137
p_4300;p_1268
p_2083;p_2098
p_4301;p_2651
p_2084;p_2083
p_1580;p_1568
p_2085;p_2084
p_2086;p_2097
p_1582;p_1588
p_2087;p_2088
p_1581;p_1580
p_2088;p_2099
p_1584;p_1272
p_2089;p_2091
p_2089;p_2097
p_1583;p_1579
p_4309;p_1275
p_1585;p_1272
p_1585;p_1273
p_1586;p_1585
p_4307;p_1882
p_1587;p_1581
p_4306;p_2641
p_1588;p_1586
p_4305;p_2647
p_4304;p_1861
p_4304;p_1856
p_4303;p_4306
p_5319;p_5552
p_5316;p_4770
p_5314;p_5751
p_5315;p_1628
p_556;p_843
p_5259;p_4870
p_552;p_4049
p_551;p_4337
p_551;p_843
p_551;p_839
p_3746;p_1070
p_3745;p_4581
p_3748;p_3690
p_3747;p_3746
p_558;p_559
p_3742;p_4563
p_3742;p_3740
p_557;p_551
p_3744;p_5585
p_559;p_547
p_2185;p_2197
p_5250;p_4357
p_3740;p_3738
p_2187;p_1838
p_2186;p_3945
p_2186;p_5402
p_5258;p_5259
p_5253;p_3688
p_567;p_568
p_566;p_571
p_564;p_4228
p_563;p_567
p_563;p_571
p_562;p_4216
p_562;p_561
p_5249;p_5250
p_561;p_456
p_5248;p_1550
p_2179;p_2214
p_3759;p_4743
p_3758;p_3760
p_3757;p_3755
p_3756;p_5220
p_3755;p_3747
p_3755;p_3794
p_3754;p_3756
p_569;p_566
p_3753;p_3754
p_568;p_556
p_2172;p_2193
p_2171;p_2534
p_2174;p_2172
p_2173;p_2169
p_2173;p_2159
p_2175;p_2174
p_5246;p_1548
p_5247;p_5244
p_570;p_564
p_5244;p_1543
p_5245;p_5246
p_5242;p_1550
p_5242;p_5245
p_5243;p_4436
p_5240;p_5238
p_2170;p_2172
p_2170;p_2171
p_5241;p_1557
p_5238;p_5239
p_3728;p_3727
p_3728;p_5562
p_5237;p_5241
p_3727;p_3726
p_5239;p_4435
p_3729;p_3731
p_532;p_522
p_534;p_826
p_533;p_532
p_536;p_531
p_3720;p_3717
p_535;p_538
p_538;p_540
p_537;p_536
p_3724;p_3720
p_539;p_4377
p_3723;p_3647
p_2168;p_2153
p_2168;p_2155
p_3726;p_3725
p_2169;p_2153
p_3725;p_3717
p_3725;p_3719
p_2167;p_2165
p_2166;p_2168
p_2166;p_2165
p_2165;p_2163
p_2165;p_2161
p_2164;p_2521
p_2164;p_2161
p_2163;p_4350
p_2162;p_2529
p_2162;p_6236
p_2161;p_3884
p_2160;p_2164
p_5230;p_5229
p_5231;p_5640
p_5232;p_2890
p_5233;p_11
p_5234;p_1725
p_5229;p_2401
p_541;p_3985
p_541;p_540
p_541;p_524
p_5228;p_5231
p_540;p_4377
p_540;p_5443
p_3739;p_5163
p_5226;p_4390
p_5226;p_2860
p_3738;p_5168
p_3732;p_4946
p_547;p_562
p_3731;p_3732
p_546;p_557
p_3730;p_3728
p_2159;p_2171
p_4297;p_4298
p_2154;p_2155
p_4296;p_2964
p_2153;p_2146
p_4295;p_678
p_4295;p_907
p_4294;p_2185
p_4294;p_2186
p_2155;p_2170
p_2150;p_1806
p_4299;p_4540
p_2152;p_6205
p_4298;p_5134
p_2151;p_1806
p_5220;p_3748
p_5221;p_2231
p_5221;p_2676
p_5221;p_2678
p_5225;p_5230
p_5225;p_2852
p_5222;p_5070
p_4290;p_4288
p_1521;p_943
p_1013;p_1015
p_1013;p_1010
p_2149;p_2160
p_3789;p_3835
p_1014;p_1010
p_1014;p_5580
p_2148;p_2160
p_1015;p_4251
p_2147;p_2154
p_1016;p_1013
p_1016;p_1025
p_2146;p_2136
p_1526;p_1517
p_3787;p_5062
p_3787;p_3832
p_3788;p_5485
p_597;p_599
p_598;p_3061
p_1527;p_6221
p_1527;p_6273
p_599;p_4596
p_593;p_4860
p_595;p_596
p_596;p_583
p_596;p_5576
p_5299;p_1599
p_4280;p_4284
p_4281;p_4279
p_4282;p_4280
p_5296;p_1013
p_5295;p_1692
p_5298;p_5297
p_5297;p_5296
p_4287;p_4286
p_3782;p_3781
p_2141;p_4096
p_3781;p_4021
p_5294;p_1692
p_3784;p_3778
p_5293;p_1692
p_3783;p_3787
p_4283;p_4281
p_1010;p_1692
p_4284;p_4271
p_4285;p_4272
p_2142;p_2131
p_3780;p_3783
p_4286;p_4285
p_2143;p_2132
p_2136;p_2137
p_2137;p_2134
p_1009;p_1013
p_2139;p_2142
p_2139;p_6235
p_3799;p_3803
p_3799;p_3800
p_3796;p_6240
p_4270;p_4272
p_4271;p_4269
p_5288;p_1692
p_5287;p_1692
p_5286;p_1692
p_5285;p_1599
p_5284;p_1599
p_5283;p_1599
p_4278;p_4276
p_4279;p_4278
p_3794;p_3799
p_3794;p_3796
p_4276;p_4273
p_3793;p_3747
p_4277;p_4282
p_2130;p_3882
p_2130;p_2141
p_1001;p_1000
p_2131;p_2128
p_3791;p_3790
p_4275;p_4277
p_1000;p_5306
p_1000;p_5297
p_1000;p_994
p_2132;p_2134
p_3790;p_3789
p_4272;p_4283
p_4272;p_4275
p_2133;p_3877
p_2133;p_2130
p_4273;p_4271
p_2134;p_2126
p_1503;p_1505
p_579;p_5189
p_3763;p_3768
p_3763;p_3769
p_4269;p_4265
p_4269;p_4113
p_1504;p_1502
p_3764;p_1209
p_1501;p_1503
p_2129;p_2130
p_3765;p_3763
p_1502;p_1495
p_2128;p_1785
p_3766;p_3762
p_2127;p_2133
p_3767;p_3773
p_1500;p_1498
p_2126;p_1765
p_3768;p_3767
p_2125;p_2119
p_3769;p_3818
p_571;p_5049
p_571;p_572
p_571;p_576
p_572;p_860
p_572;p_858
p_1509;p_4771
p_1509;p_4770
p_574;p_577
p_1507;p_4772
p_575;p_5049
p_576;p_5005
p_1505;p_1506
p_577;p_570
p_1506;p_1507
p_578;p_580
p_5273;p_1694
p_5276;p_1599
p_5275;p_1713
p_5277;p_1607
p_581;p_579
p_5279;p_1599
p_4260;p_4890
p_580;p_588
p_4261;p_4057
p_2122;p_2143
p_4262;p_1793
p_4263;p_886
p_4264;p_4263
p_2121;p_2122
p_4265;p_4264
p_3762;p_3764
p_3761;p_5681
p_2118;p_2116
p_3776;p_3774
p_3777;p_5484
p_3777;p_4747
p_4259;p_1996
p_1514;p_1509
p_3774;p_3766
p_4258;p_1494
p_4258;p_1979
p_4258;p_1976
p_4258;p_1977
p_4258;p_1989
p_1515;p_2000
p_2119;p_2118
p_3775;p_3777
p_2113;p_1740
p_2113;p_5567
p_1510;p_1500
p_2116;p_2113
p_3778;p_3776
p_3778;p_1128
p_1511;p_1993
p_2115;p_6233
p_3779;p_3780
p_584;p_5576
p_585;p_3037
p_583;p_585
p_1516;p_1527
p_588;p_590
p_1517;p_4769
p_589;p_579
p_589;p_581
p_1518;p_1516
p_586;p_584
p_1519;p_1518
p_587;p_4231
p_5264;p_1723
p_592;p_593
p_590;p_5181
p_590;p_875
p_5266;p_1211
p_4252;p_969
p_4253;p_975
p_2110;p_2448
p_4250;p_962
p_4250;p_965
p_4250;p_971
p_4251;p_990
p_2112;p_2095
p_4256;p_251
p_3773;p_3775
p_4257;p_23
p_3772;p_3817
p_3771;p_3770
p_4255;p_283
p_3770;p_3762
p_2693;p_2695
p_3198;p_4972
p_1052;p_1058
p_3199;p_5130
p_2695;p_4488
p_2695;p_2697
p_1050;p_1044
p_2694;p_2705
p_1055;p_1345
p_3194;p_3488
p_1056;p_1054
p_1053;p_1050
p_1053;p_1055
p_2101;p_2105
p_2691;p_2689
p_3196;p_3579
p_1054;p_1052
p_1054;p_1050
p_2100;p_2101
p_2690;p_2686
p_3197;p_4960
p_3190;p_3193
p_3191;p_5076
p_3191;p_4203
p_3193;p_3194
p_2102;p_4357
p_2103;p_2104
p_1058;p_1061
p_2104;p_2102
p_1057;p_1053
p_2105;p_2430
p_2106;p_2094
p_2106;p_2102
p_2696;p_2697
p_2107;p_2096
p_2107;p_2109
p_2697;p_2690
p_2108;p_2431
p_2698;p_2694
p_2109;p_2106
p_3188;p_3190
p_3185;p_4203
p_1043;p_1049
p_1044;p_1045
p_3183;p_3180
p_1045;p_4548
p_3181;p_3179
p_3180;p_3182
p_1047;p_1046
p_1046;p_1043
p_1049;p_1052
p_1049;p_1055
p_1048;p_1333
p_1033;p_1741
p_3172;p_4527
p_3174;p_4528
p_1032;p_4424
p_1032;p_1741
p_2671;p_2673
p_1030;p_1032
p_2670;p_2671
p_2673;p_5311
p_3178;p_5076
p_3179;p_3178
p_3170;p_3171
p_3170;p_3446
p_3171;p_3174
p_2674;p_2570
p_2675;p_5472
p_2676;p_2231
p_2677;p_2678
p_2677;p_2680
p_1038;p_5004
p_2678;p_5086
p_2679;p_2231
p_2679;p_2676
p_1036;p_4477
p_2680;p_2675
p_3163;p_4609
p_3164;p_5565
p_3161;p_3160
p_3161;p_4633
p_3162;p_3164
p_3162;p_3547
p_3167;p_1112
p_2683;p_4478
p_3168;p_3167
p_3165;p_3161
p_3166;p_3169
p_3160;p_4612
p_1029;p_1025
p_2685;p_2691
p_2686;p_2238
p_2686;p_2251
p_2686;p_1308
p_2686;p_1306
p_3169;p_3170
p_1025;p_1030
p_1027;p_4410
p_2689;p_5205
p_2689;p_2698
p_1026;p_1010
p_1092;p_4367
p_1091;p_1090
p_1090;p_1085
p_1096;p_1934
p_1096;p_5719
p_1096;p_5727
p_1095;p_1097
p_1094;p_1093
p_2650;p_2646
p_1093;p_406
p_2651;p_2650
p_1099;p_5056
p_1098;p_1096
p_1098;p_1094
p_1098;p_3460
p_1097;p_4420
p_1097;p_1094
p_519;p_5534
p_2657;p_2658
p_2656;p_3946
p_2658;p_6156
p_515;p_1107
p_2653;p_1855
p_2652;p_2653
p_514;p_515
p_2654;p_1861
p_512;p_502
p_512;p_4652
p_510;p_502
p_1080;p_1084
p_1083;p_5389
p_1083;p_1082
p_1083;p_1084
p_1083;p_4883
p_2661;p_4315
p_1082;p_1079
p_1082;p_4881
p_2662;p_2657
p_1085;p_1099
p_1085;p_1087
p_1084;p_3243
p_1087;p_1098
p_1086;p_1089
p_1089;p_1092
p_529;p_537
p_2668;p_2671
p_2667;p_2666
p_524;p_526
p_2666;p_2664
p_525;p_540
p_2665;p_5471
p_526;p_523
p_2664;p_2663
p_527;p_529
p_2663;p_2662
p_520;p_521
p_521;p_518
p_522;p_4362
p_523;p_4363
p_1070;p_4765
p_1077;p_396
p_1071;p_1069
p_2630;p_3188
p_2630;p_3183
p_2630;p_3172
p_2630;p_2633
p_2633;p_5060
p_2635;p_1264
p_2634;p_2635
p_1079;p_638
p_1079;p_4599
p_1079;p_1113
p_2637;p_2634
p_2639;p_1573
p_2638;p_2639
p_1061;p_1395
p_1061;p_1397
p_1060;p_1057
p_2640;p_2637
p_1063;p_4417
p_1063;p_5652
p_1063;p_1943
p_1062;p_1060
p_1062;p_1063
p_502;p_503
p_2644;p_2638
p_2644;p_2648
p_2644;p_2645
p_503;p_369
p_504;p_367
p_2641;p_1572
p_2648;p_1848
p_1069;p_3753
p_1069;p_3794
p_2647;p_2646
p_2646;p_2644
p_2646;p_1264
p_509;p_510
p_2645;p_4306
p_2645;p_4304
p_2645;p_4303
p_2649;p_4304
p_500;p_501
p_501;p_3128
p_501;p_4070
p_1465;p_1464
p_1464;p_1469
p_1467;p_1907
p_1466;p_1467
p_1469;p_1490
p_1468;p_1465
p_1460;p_3974
p_1461;p_1472
p_1462;p_1460
p_1463;p_1461
p_1478;p_1476
p_1478;p_1474
p_1478;p_4655
p_1478;p_813
p_1477;p_4672
p_1476;p_5116
p_1475;p_1477
p_4896;p_4897
p_4897;p_4898
p_4898;p_4617
p_4899;p_4618
p_4893;p_4290
p_4893;p_4119
p_4892;p_3679
p_1470;p_1477
p_1470;p_1474
p_4894;p_356
p_1473;p_1477
p_1474;p_804
p_4891;p_4892
p_4890;p_4647
p_1472;p_1475
p_3313;p_3316
p_3312;p_3310
p_3315;p_3274
p_3314;p_3317
p_3317;p_2999
p_1486;p_1484
p_3316;p_3319
p_3316;p_2994
p_1489;p_1486
p_3319;p_3322
p_1488;p_1201
p_3318;p_3274
p_1482;p_1497
p_1483;p_4788
p_1484;p_3430
p_1484;p_3432
p_1485;p_5365
p_1480;p_813
p_3310;p_2473
p_3310;p_2482
p_3310;p_3266
p_3310;p_3278
p_1481;p_4646
p_3311;p_4873
p_3309;p_3306
p_3304;p_3329
p_3303;p_3302
p_3303;p_3300
p_3303;p_3336
p_3303;p_5700
p_3302;p_5598
p_3301;p_6208
p_3308;p_5152
p_1499;p_1511
p_3307;p_3308
p_1498;p_1483
p_3306;p_5088
p_1497;p_1499
p_1495;p_1493
p_1496;p_1481
p_1494;p_1496
p_1494;p_4671
p_1491;p_4645
p_1492;p_1491
p_3300;p_3301
p_3300;p_4843
p_1490;p_1496
p_1490;p_1493
p_1420;p_1411
p_1421;p_1406
p_1422;p_1386
p_1423;p_1407
p_1424;p_1421
p_1425;p_5427
p_1426;p_1420
p_1426;p_1424
p_1429;p_1431
p_1433;p_1435
p_1431;p_5094
p_1431;p_170
p_1437;p_1440
p_1435;p_1437
p_1436;p_1434
p_1430;p_1426
p_1446;p_782
p_1447;p_1445
p_1449;p_1451
p_1442;p_5112
p_1443;p_1450
p_1444;p_1446
p_1445;p_1443
p_1441;p_782
p_1441;p_1436
p_1441;p_1452
p_1440;p_1442
p_1459;p_1463
p_1457;p_1456
p_1458;p_1457
p_1455;p_1453
p_2901;p_2899
p_1456;p_1441
p_2900;p_1643
p_2900;p_5559
p_1453;p_1442
p_2905;p_2903
p_2903;p_2929
p_2909;p_5195
p_2909;p_2923
p_2906;p_2905
p_1452;p_1454
p_1451;p_1444
p_1450;p_1459
p_3376;p_3379
p_3374;p_3372
p_3375;p_3378
p_3372;p_3370
p_3370;p_3119
p_300;p_301
p_300;p_339
p_300;p_296
p_2919;p_2917
p_2919;p_2912
p_301;p_294
p_302;p_296
p_2917;p_2965
p_303;p_2586
p_2915;p_2914
p_2916;p_2923
p_4829;p_3429
p_2913;p_4833
p_2914;p_2821
p_4823;p_4838
p_308;p_296
p_4824;p_4823
p_309;p_308
p_2912;p_2915
p_4825;p_5121
p_4826;p_4824
p_4821;p_3242
p_306;p_307
p_3379;p_3382
p_4822;p_4825
p_4822;p_3433
p_307;p_310
p_307;p_5643
p_3378;p_3401
p_3363;p_3362
p_3364;p_4083
p_3360;p_3347
p_3362;p_3542
p_2928;p_2927
p_2928;p_2922
p_2928;p_2813
p_2929;p_2931
p_4818;p_2217
p_4818;p_5402
p_2924;p_5016
p_2924;p_2919
p_2926;p_2919
p_4817;p_4818
p_4817;p_6156
p_2927;p_2924
p_4812;p_964
p_2922;p_2912
p_2923;p_4500
p_2923;p_2924
p_3367;p_3364
p_3369;p_3400
p_3394;p_3393
p_3395;p_4179
p_3395;p_5668
p_3392;p_4181
p_3393;p_4182
p_3393;p_4807
p_3398;p_3396
p_3398;p_3397
p_3399;p_3386
p_3399;p_3400
p_3396;p_3394
p_3397;p_3388
p_3391;p_3389
p_2937;p_2935
p_2938;p_2963
p_320;p_322
p_2935;p_2934
p_321;p_319
p_2936;p_4833
p_322;p_316
p_323;p_321
p_324;p_315
p_2939;p_2940
p_325;p_327
p_326;p_324
p_4842;p_3673
p_2930;p_2928
p_4843;p_4399
p_4843;p_3329
p_328;p_326
p_4844;p_978
p_329;p_312
p_4845;p_2703
p_4846;p_2453
p_4846;p_2448
p_4846;p_6172
p_2934;p_2913
p_4847;p_268
p_2931;p_4940
p_4848;p_249
p_2932;p_2930
p_3382;p_3384
p_3384;p_3367
p_3385;p_3374
p_3386;p_4073
p_3388;p_4075
p_310;p_311
p_2947;p_2949
p_4838;p_4835
p_4839;p_3707
p_2949;p_2843
p_313;p_329
p_314;p_325
p_311;p_330
p_312;p_309
p_4832;p_696
p_317;p_323
p_4833;p_5195
p_4833;p_2916
p_318;p_320
p_3389;p_4164
p_4830;p_5119
p_315;p_317
p_2940;p_2839
p_4831;p_4830
p_4831;p_4835
p_316;p_314
p_2941;p_2937
p_2941;p_2938
p_4836;p_4837
p_4837;p_4822
p_2943;p_2953
p_4834;p_2609
p_319;p_313
p_2944;p_2949
p_4835;p_3437
p_4835;p_5566
p_2945;p_2943
p_2945;p_6133
p_350;p_349
p_3333;p_4189
p_3332;p_3335
p_4861;p_3054
p_4861;p_5577
p_3331;p_3330
p_3330;p_3303
p_4868;p_3607
p_2956;p_4296
p_2956;p_2954
p_4867;p_5211
p_2955;p_4296
p_2955;p_2958
p_2954;p_2944
p_2954;p_6226
p_4869;p_4870
p_4869;p_3610
p_2953;p_2955
p_3339;p_3254
p_4864;p_204
p_349;p_347
p_2952;p_2978
p_3336;p_3241
p_3336;p_3334
p_4863;p_3051
p_348;p_351
p_2951;p_2945
p_4866;p_3983
p_4866;p_3209
p_3334;p_3333
p_4865;p_1084
p_4865;p_395
p_4865;p_4017
p_3335;p_5017
p_3335;p_4843
p_345;p_4687
p_344;p_340
p_347;p_4687
p_346;p_344
p_341;p_345
p_340;p_343
p_2959;p_2956
p_343;p_4894
p_2958;p_2980
p_342;p_341
p_342;p_352
p_2957;p_2956
p_4850;p_93
p_3320;p_3315
p_4851;p_4778
p_3322;p_3324
p_3321;p_3320
p_4859;p_7
p_2965;p_2961
p_2965;p_2962
p_3327;p_3326
p_2964;p_2936
p_4857;p_5483
p_3329;p_4188
p_3329;p_4198
p_3329;p_3332
p_4856;p_2370
p_4856;p_2369
p_2966;p_4857
p_2966;p_3525
p_4855;p_4781
p_2961;p_2939
p_3323;p_3321
p_4854;p_83
p_339;p_336
p_2960;p_2959
p_3324;p_3325
p_4853;p_5614
p_4853;p_257
p_4853;p_78
p_338;p_301
p_2963;p_2964
p_3325;p_4696
p_4852;p_82
p_337;p_338
p_2962;p_2960
p_3326;p_3323
p_336;p_335
p_336;p_334
p_335;p_5396
p_335;p_492
p_334;p_2592
p_333;p_337
p_332;p_337
p_331;p_318
p_2968;p_5413
p_330;p_331
p_5582;p_4575
p_5581;p_4576
p_5584;p_4571
p_5583;p_4578
p_5586;p_3745
p_5585;p_5207
p_370;p_373
p_5588;p_3802
p_371;p_4694
p_5587;p_5588
p_372;p_371
p_3351;p_3350
p_3350;p_3349
p_4880;p_976
p_4881;p_4883
p_3355;p_3358
p_3355;p_4936
p_2970;p_4676
p_3354;p_3355
p_5580;p_1027
p_4883;p_4885
p_3352;p_3356
p_2974;p_2992
p_3358;p_3359
p_4885;p_4887
p_4885;p_5531
p_3359;p_3347
p_4888;p_1105
p_2972;p_2971
p_3356;p_4148
p_4887;p_4865
p_2971;p_2968
p_2971;p_4629
p_3357;p_5023
p_3357;p_3354
p_2978;p_2974
p_4889;p_1391
p_2977;p_5441
p_2975;p_2977
p_2975;p_2979
p_5589;p_3800
p_5589;p_4763
p_363;p_362
p_363;p_358
p_362;p_365
p_362;p_368
p_362;p_361
p_365;p_360
p_364;p_3219
p_364;p_3216
p_2979;p_2951
p_367;p_365
p_367;p_361
p_366;p_368
p_366;p_361
p_369;p_504
p_368;p_3145
p_368;p_3153
p_5599;p_5600
p_360;p_355
p_5598;p_2550
p_361;p_364
p_3340;p_3342
p_4872;p_3607
p_3342;p_4398
p_3342;p_3257
p_5590;p_5589
p_4873;p_3215
p_3341;p_4926
p_4870;p_4872
p_2980;p_2982
p_3344;p_3258
p_3344;p_3341
p_4871;p_4868
p_2981;p_5440
p_2981;p_2957
p_4877;p_4951
p_4876;p_3813
p_2982;p_3211
p_3346;p_3363
p_4875;p_4504
p_4875;p_5061
p_2985;p_2986
p_3347;p_3227
p_4874;p_5084
p_359;p_357
p_3348;p_3225
p_3348;p_3227
p_3348;p_3352
p_2987;p_2985
p_3349;p_3348
p_2986;p_2947
p_4879;p_4783
p_2989;p_2987
p_4878;p_4958
p_2988;p_2990
p_353;p_342
p_352;p_350
p_351;p_343
p_358;p_3209
p_357;p_362
p_357;p_364
p_356;p_4691
p_355;p_353
p_373;p_375
p_5699;p_2552
p_5699;p_4817
p_374;p_377
p_375;p_374
p_375;p_386
p_376;p_372
p_377;p_389
p_378;p_372
p_379;p_3355
p_379;p_4933
p_5690;p_5693
p_5691;p_5688
p_5693;p_5695
p_5693;p_5689
p_5694;p_5689
p_5695;p_818
p_381;p_383
p_5696;p_3729
p_380;p_379
p_5697;p_1882
p_383;p_385
p_382;p_4631
p_6205;p_5143
p_6205;p_2179
p_386;p_384
p_6206;p_1804
p_6206;p_1807
p_6206;p_1792
p_387;p_376
p_6207;p_2000
p_6207;p_1514
p_5689;p_5687
p_5689;p_230
p_384;p_380
p_384;p_382
p_6208;p_3304
p_5688;p_5690
p_5688;p_5686
p_385;p_387
p_6209;p_1830
p_388;p_378
p_389;p_392
p_2993;p_2975
p_2994;p_2996
p_2995;p_2997
p_2996;p_3010
p_2997;p_2998
p_2998;p_3318
p_2999;p_3000
p_2990;p_2993
p_2992;p_4425
p_5682;p_5683
p_390;p_388
p_5683;p_5684
p_6200;p_2713
p_5680;p_4742
p_5681;p_5743
p_6202;p_6203
p_5686;p_823
p_394;p_4680
p_5687;p_5690
p_5687;p_240
p_393;p_4404
p_393;p_390
p_6204;p_1801
p_6204;p_2152
p_5684;p_5685
p_392;p_5393
p_392;p_394
p_6203;p_2808
p_5685;p_1089
p_399;p_397
p_6218;p_86
p_395;p_393
p_396;p_4589
p_6216;p_4701
p_397;p_404
p_6217;p_50
p_6215;p_5589
p_5673;p_680
p_6214;p_4941
p_5674;p_5709
p_5675;p_1899
p_6210;p_3534
p_5670;p_3714
p_5672;p_5674
p_6227;p_2266
p_5669;p_3399
p_6228;p_3301
p_5668;p_5669
p_6229;p_3172
p_5667;p_5666
p_5666;p_3626
p_6224;p_2051
p_5664;p_652
p_5665;p_3624
p_6226;p_2952
p_5662;p_5660
p_6225;p_1295
p_5663;p_5662
p_6220;p_6221
p_5660;p_657
p_5661;p_5664
p_6222;p_1509
p_6222;p_1514
p_6221;p_2003
p_6221;p_6222
p_4006;p_4327
p_4005;p_3413
p_4008;p_4006
p_4007;p_5366
p_4007;p_5767
p_4009;p_4008
p_5655;p_1655
p_5656;p_4650
p_6239;p_2185
p_5657;p_4390
p_6238;p_6239
p_5658;p_3782
p_5659;p_5661
p_6232;p_1321
p_6233;p_6234
p_6230;p_4962
p_5650;p_5648
p_6231;p_3064
p_6236;p_2541
p_5652;p_5650
p_3281;p_5216
p_6237;p_6238
p_5651;p_1061
p_3280;p_3277
p_3280;p_2861
p_6234;p_2142
p_6234;p_6235
p_5654;p_2278
p_6235;p_2506
p_6235;p_2162
p_5653;p_4157
p_3285;p_3284
p_3284;p_3282
p_4000;p_3455
p_3282;p_3270
p_4001;p_4000
p_3289;p_3291
p_4002;p_5075
p_3288;p_3287
p_3287;p_3286
p_4004;p_5758
p_3286;p_3285
p_5647;p_5649
p_5644;p_5645
p_5645;p_4971
p_5648;p_1038
p_5649;p_5651
p_6241;p_4729
p_6242;p_5375
p_6242;p_5369
p_6243;p_5589
p_6244;p_4301
p_6245;p_3112
p_5643;p_5644
p_3290;p_2517
p_6246;p_5452
p_5641;p_5639
p_3292;p_5217
p_3292;p_3290
p_6248;p_5689
p_5640;p_5226
p_3291;p_3293
p_3294;p_3292
p_3293;p_3002
p_3296;p_5174
p_3295;p_3297
p_3297;p_3024
p_6240;p_1071
p_5638;p_1783
p_5639;p_5657
p_5639;p_5640
p_5633;p_1
p_5634;p_5632
p_5635;p_5634
p_5636;p_5573
p_6258;p_4754
p_5630;p_5628
p_5632;p_5630
p_5631;p_5633
p_6254;p_6255
p_6255;p_4388
p_6255;p_2394
p_6255;p_2393
p_6252;p_6250
p_6253;p_6254
p_6250;p_1526
p_4803;p_4802
p_4802;p_5502
p_4800;p_4798
p_5628;p_5626
p_5628;p_5624
p_5629;p_4706
p_5626;p_5624
p_5627;p_4707
p_4809;p_4869
p_4809;p_3605
p_5624;p_5622
p_5625;p_5627
p_4807;p_4173
p_5622;p_5620
p_5623;p_8
p_5623;p_5625
p_6267;p_6265
p_5621;p_5623
p_5620;p_5617
p_6269;p_6271
p_6263;p_1591
p_6263;p_1593
p_6263;p_4766
p_6264;p_6266
p_6265;p_6263
p_6265;p_4766
p_6266;p_6269
p_6260;p_2909
p_6261;p_6262
p_6262;p_2003
p_6262;p_1593
p_6262;p_6264
p_6271;p_6273
p_6270;p_6267
p_6273;p_2003
p_6273;p_5319
p_6272;p_6270
p_6275;p_5462
p_6274;p_6210
p_6277;p_916
p_6276;p_5369
p_6278;p_762
p_5614;p_5616
p_5613;p_5350
p_5618;p_81
p_5617;p_5615
p_5616;p_5619
p_5615;p_81
p_5619;p_5621
p_5600;p_5756
p_1419;p_5427
p_1410;p_1061
p_1412;p_1419
p_1411;p_1410
p_1414;p_1938
p_1413;p_1414
p_1415;p_1425
p_1409;p_1412
p_1408;p_1415
p_1407;p_1405
p_1406;p_4458
p_1406;p_1422
p_1401;p_1368
p_1400;p_5054
p_1400;p_1403
p_1405;p_1408
p_1404;p_1398
p_1403;p_1413
p_1403;p_1415
p_1402;p_1408
p_3434;p_5759
p_1369;p_1367
p_3433;p_3431
p_3436;p_3638
p_3435;p_5541
p_1366;p_1367
p_1366;p_1373
p_3438;p_5566
p_3438;p_4607
p_1365;p_1366
p_3437;p_3439
p_1368;p_1364
p_1368;p_1370
p_1367;p_1400
p_3439;p_3440
p_4095;p_752
p_4094;p_5133
p_4094;p_4832
p_4094;p_907
p_4093;p_906
p_4092;p_908
p_4099;p_4098
p_4099;p_863
p_1361;p_1371
p_4098;p_4103
p_1362;p_1361
p_1362;p_1381
p_4097;p_867
p_1363;p_1366
p_1363;p_1372
p_1363;p_1354
p_4096;p_2494
p_4096;p_2492
p_1364;p_1372
p_1364;p_1354
p_3430;p_4831
p_3431;p_1485
p_1360;p_1321
p_1360;p_1381
p_3432;p_3434
p_3425;p_3550
p_3424;p_3421
p_3422;p_4745
p_1379;p_4889
p_1379;p_1387
p_3429;p_3431
p_1376;p_1374
p_1374;p_1364
p_1375;p_1392
p_1372;p_1357
p_1373;p_1375
p_1370;p_1360
p_3420;p_3418
p_1371;p_1369
p_3421;p_4175
p_3421;p_3417
p_1344;p_1341
p_3416;p_3422
p_3415;p_3609
p_3418;p_4175
p_3418;p_3416
p_1345;p_1680
p_3417;p_3419
p_1348;p_1312
p_3414;p_3409
p_1349;p_1350
p_3413;p_3417
p_3419;p_3530
p_1340;p_1334
p_1341;p_1337
p_1357;p_5742
p_3407;p_4005
p_1356;p_1355
p_1355;p_1365
p_1355;p_1397
p_3405;p_3133
p_3405;p_3157
p_3405;p_5702
p_1354;p_4546
p_1359;p_1311
p_3401;p_3398
p_1358;p_1356
p_3400;p_3398
p_3409;p_3407
p_3408;p_5176
p_1352;p_1353
p_1353;p_1365
p_1350;p_1681
p_1350;p_1352
p_1350;p_6175
p_1351;p_1348
p_1329;p_1351
p_1325;p_1308
p_1326;p_6225
p_1326;p_1329
p_1328;p_1326
p_1321;p_1325
p_1322;p_4545
p_1322;p_1325
p_1323;p_1319
p_1324;p_4545
p_1324;p_1323
p_1339;p_1335
p_1336;p_1340
p_1337;p_1056
p_1334;p_4547
p_1335;p_1328
p_1332;p_1336
p_1333;p_1339
p_1331;p_1329
p_1330;p_1336
p_1307;p_1324
p_1308;p_1305
p_1302;p_1318
p_1303;p_1296
p_1305;p_4035
p_1306;p_1307
p_1318;p_1322
p_1319;p_1303
p_1312;p_1315
p_1310;p_1317
p_1311;p_1349
p_1317;p_1358
p_1314;p_1349
p_1314;p_1310
p_1315;p_1297
p_4010;p_4009
p_4012;p_4015
p_4961;p_3064
p_4015;p_4730
p_4960;p_5130
p_4962;p_3077
p_205;p_203
p_4963;p_4962
p_4017;p_4942
p_206;p_5350
p_206;p_5613
p_4964;p_4965
p_4018;p_4389
p_4018;p_2412
p_207;p_206
p_4965;p_3074
p_4019;p_4390
p_4019;p_2860
p_208;p_207
p_208;p_213
p_4966;p_4963
p_209;p_210
p_2812;p_2811
p_4967;p_4966
p_2813;p_2817
p_4968;p_5000
p_4969;p_4968
p_2811;p_2827
p_2816;p_5192
p_2817;p_2812
p_2814;p_2906
p_200;p_215
p_200;p_216
p_2815;p_2800
p_201;p_198
p_201;p_199
p_202;p_4864
p_203;p_4642
p_2818;p_2814
p_204;p_1656
p_2819;p_2818
p_4022;p_1140
p_4021;p_1140
p_4020;p_2441
p_4950;p_3866
p_4950;p_4957
p_4026;p_1662
p_4025;p_2605
p_4953;p_4877
p_4954;p_3891
p_4954;p_4997
p_4951;p_4952
p_4952;p_5334
p_4952;p_4878
p_4957;p_5080
p_2821;p_2836
p_2821;p_6137
p_4958;p_4959
p_4958;p_4998
p_2822;p_6260
p_4955;p_4999
p_2823;p_2830
p_2823;p_4918
p_4956;p_4953
p_2824;p_2837
p_2825;p_2824
p_2826;p_4382
p_4959;p_3861
p_4959;p_4950
p_2827;p_4382
p_2828;p_4379
p_2829;p_2415
p_2829;p_5553
p_3490;p_3487
p_4035;p_2691
p_4035;p_2685
p_4035;p_6145
p_4034;p_2674
p_3498;p_5297
p_4037;p_124
p_3495;p_5297
p_3496;p_5297
p_4031;p_4034
p_3493;p_5057
p_3493;p_4046
p_4030;p_3712
p_4030;p_3706
p_4944;p_2373
p_4945;p_1717
p_4945;p_2064
p_4945;p_2062
p_4945;p_2072
p_4947;p_3441
p_4940;p_1649
p_4038;p_102
p_4941;p_300
p_4941;p_303
p_4942;p_1077
p_4943;p_1101
p_4948;p_715
p_4949;p_724
p_4040;p_128
p_4040;p_131
p_3485;p_3459
p_4046;p_3987
p_3486;p_4590
p_3487;p_3191
p_3480;p_3493
p_4043;p_4669
p_3482;p_3483
p_4041;p_4698
p_4041;p_107
p_3483;p_3485
p_4935;p_3226
p_4936;p_3221
p_4936;p_3351
p_4936;p_4937
p_2800;p_2805
p_4933;p_3028
p_4933;p_3232
p_2801;p_2343
p_2801;p_5782
p_4934;p_4935
p_2802;p_2377
p_4931;p_5141
p_4932;p_3229
p_3488;p_2629
p_4049;p_558
p_4930;p_5140
p_2807;p_2380
p_2808;p_2804
p_4939;p_5082
p_4939;p_1184
p_2804;p_2819
p_4937;p_3351
p_2805;p_2807
p_4938;p_1084
p_2806;p_2799
p_4052;p_4053
p_3472;p_3473
p_4053;p_4054
p_3471;p_1086
p_4054;p_4055
p_3470;p_3472
p_4055;p_4056
p_4056;p_4261
p_4057;p_4058
p_3475;p_3476
p_4058;p_4059
p_3474;p_3471
p_4059;p_4060
p_3473;p_3475
p_5461;p_116
p_5460;p_102
p_5463;p_5464
p_5462;p_5463
p_5465;p_128
p_5464;p_5465
p_5467;p_2185
p_250;p_270
p_5466;p_1868
p_5466;p_1845
p_251;p_254
p_5468;p_5705
p_242;p_243
p_5469;p_471
p_241;p_242
p_244;p_253
p_2859;p_5431
p_2859;p_2988
p_2859;p_2857
p_243;p_5691
p_243;p_822
p_246;p_244
p_245;p_74
p_248;p_4847
p_247;p_257
p_2853;p_2861
p_249;p_254
p_249;p_4782
p_2852;p_2446
p_2851;p_2441
p_2850;p_4390
p_2857;p_4389
p_2857;p_2848
p_2856;p_5431
p_2856;p_2855
p_2855;p_2860
p_2854;p_2853
p_4065;p_872
p_4990;p_2378
p_3461;p_3458
p_4064;p_871
p_3460;p_5072
p_3460;p_3468
p_5470;p_2390
p_4993;p_4983
p_4069;p_2036
p_3463;p_3461
p_4994;p_4961
p_3462;p_4414
p_4991;p_4993
p_3465;p_3464
p_4992;p_5424
p_4992;p_2793
p_4992;p_4990
p_4068;p_3950
p_2860;p_2859
p_2860;p_6173
p_3464;p_3463
p_5474;p_5542
p_5473;p_2403
p_5472;p_2667
p_5471;p_5221
p_5478;p_5481
p_4061;p_924
p_5477;p_901
p_240;p_238
p_5476;p_5478
p_5475;p_939
p_233;p_162
p_232;p_235
p_2869;p_2872
p_2869;p_2875
p_5479;p_5477
p_231;p_5691
p_231;p_226
p_230;p_261
p_237;p_239
p_236;p_234
p_235;p_237
p_234;p_233
p_4998;p_4954
p_4997;p_4996
p_2861;p_4019
p_3467;p_5647
p_4996;p_4955
p_239;p_241
p_3468;p_5740
p_238;p_236
p_2863;p_2865
p_3469;p_3463
p_3469;p_3465
p_3469;p_3458
p_2866;p_2872
p_2866;p_2875
p_2865;p_3277
p_2865;p_3281
p_2868;p_4162
p_2868;p_2866
p_4999;p_4959
p_1382;p_1383
p_3454;p_746
p_4981;p_5013
p_4079;p_3369
p_4079;p_4077
p_1381;p_1379
p_3453;p_3457
p_5481;p_5161
p_4982;p_5208
p_4982;p_5010
p_1380;p_1382
p_3452;p_3453
p_5480;p_5479
p_4983;p_2331
p_4074;p_3385
p_1386;p_1388
p_4075;p_3134
p_1385;p_1423
p_1384;p_5653
p_4077;p_3369
p_1383;p_1361
p_1383;p_1321
p_5487;p_3788
p_4070;p_3125
p_5486;p_5488
p_4071;p_3131
p_5489;p_5492
p_4072;p_4074
p_5488;p_5489
p_4073;p_3136
p_5483;p_3360
p_5482;p_4427
p_5482;p_173
p_5485;p_3778
p_5484;p_5486
p_224;p_222
p_223;p_144
p_223;p_142
p_226;p_228
p_220;p_5713
p_2839;p_2840
p_2838;p_2941
p_222;p_229
p_2837;p_2822
p_221;p_223
p_2836;p_2835
p_4989;p_4525
p_1389;p_1380
p_1389;p_5764
p_2835;p_2823
p_4988;p_2378
p_2834;p_2410
p_2834;p_2413
p_1387;p_1385
p_2833;p_2825
p_2833;p_2832
p_3459;p_4415
p_1388;p_1380
p_2832;p_2841
p_228;p_221
p_2831;p_2834
p_3457;p_3456
p_4984;p_4992
p_227;p_230
p_2830;p_2829
p_3458;p_3480
p_3458;p_3460
p_3455;p_5001
p_229;p_227
p_3456;p_4002
p_5492;p_5493
p_5492;p_4752
p_4971;p_4970
p_1391;p_1376
p_3441;p_3442
p_5491;p_5490
p_4972;p_4974
p_3440;p_3438
p_5490;p_3828
p_1393;p_1401
p_1393;p_1403
p_1393;p_1396
p_1393;p_1399
p_3443;p_741
p_3443;p_3444
p_4970;p_4969
p_1392;p_1389
p_3442;p_3443
p_1395;p_4543
p_4085;p_4086
p_1397;p_1408
p_4086;p_4939
p_1396;p_1062
p_1396;p_1395
p_4083;p_4080
p_5497;p_4223
p_5496;p_5494
p_4080;p_4079
p_5494;p_5491
p_5493;p_5495
p_215;p_482
p_214;p_288
p_213;p_214
p_212;p_211
p_211;p_207
p_211;p_209
p_2848;p_2437
p_210;p_218
p_2847;p_2856
p_2849;p_2860
p_1398;p_5054
p_1398;p_1401
p_3448;p_5104
p_3448;p_3445
p_3448;p_3447
p_3448;p_5523
p_4979;p_1750
p_1399;p_1402
p_2843;p_2842
p_3449;p_745
p_4978;p_4977
p_2846;p_2847
p_4977;p_4976
p_2845;p_2412
p_4976;p_5454
p_219;p_208
p_2840;p_2831
p_3444;p_3448
p_4975;p_5009
p_4975;p_1599
p_218;p_220
p_3445;p_3168
p_4974;p_3063
p_217;p_5579
p_2842;p_2857
p_3446;p_3447
p_4973;p_3197
p_216;p_217
p_2841;p_2838
p_3447;p_4948
p_3447;p_3443
p_278;p_706
p_278;p_282
p_279;p_280
p_5557;p_5555
p_274;p_278
p_5556;p_1958
p_275;p_274
p_5559;p_2886
p_276;p_4779
p_277;p_273
p_5552;p_2000
p_282;p_966
p_5553;p_2413
p_5553;p_2833
p_281;p_265
p_5554;p_2008
p_5554;p_1998
p_284;p_279
p_284;p_277
p_284;p_280
p_5555;p_5543
p_283;p_284
p_5550;p_5551
p_280;p_276
p_5551;p_5552
p_2899;p_3875
p_2899;p_2896
p_2894;p_2893
p_2895;p_3875
p_2895;p_2896
p_2896;p_3874
p_2897;p_2900
p_2897;p_2894
p_289;p_293
p_5548;p_1235
p_5548;p_1238
p_287;p_293
p_287;p_291
p_5547;p_5548
p_288;p_289
p_5546;p_5547
p_285;p_1653
p_285;p_212
p_5545;p_5340
p_286;p_287
p_5543;p_1944
p_295;p_294
p_5544;p_5345
p_294;p_292
p_5541;p_3425
p_293;p_4941
p_293;p_4641
p_292;p_4503
p_292;p_291
p_291;p_1678
p_5540;p_988
p_290;p_4503
p_290;p_293
p_2891;p_2892
p_2890;p_2797
p_2893;p_4508
p_2892;p_2895
p_2885;p_1638
p_2885;p_1648
p_2885;p_1641
p_2885;p_1646
p_2885;p_1655
p_2885;p_6078
p_2886;p_2890
p_2886;p_2876
p_2883;p_2880
p_2884;p_1619
p_2884;p_4160
p_2889;p_2885
p_2889;p_2884
p_2888;p_4161
p_5579;p_477
p_252;p_4777
p_5578;p_599
p_253;p_250
p_253;p_4777
p_254;p_245
p_255;p_3942
p_255;p_926
p_256;p_258
p_257;p_255
p_258;p_259
p_258;p_260
p_259;p_263
p_5570;p_3698
p_5573;p_4515
p_5573;p_2776
p_5574;p_2541
p_5574;p_2175
p_260;p_4685
p_5575;p_1625
p_5576;p_597
p_5576;p_4861
p_262;p_266
p_5577;p_5578
p_261;p_4852
p_261;p_257
p_261;p_259
p_2882;p_2777
p_2881;p_2882
p_2880;p_2878
p_2872;p_2770
p_2872;p_5636
p_2873;p_2868
p_2873;p_5805
p_2874;p_2868
p_2874;p_2872
p_2874;p_5805
p_2875;p_2877
p_2876;p_2874
p_2877;p_2885
p_2879;p_2881
p_265;p_269
p_265;p_267
p_5569;p_5570
p_266;p_4247
p_5568;p_2076
p_263;p_262
p_5567;p_5033
p_5567;p_2091
p_264;p_247
p_264;p_255
p_264;p_260
p_269;p_4848
p_267;p_264
p_268;p_266
p_5561;p_4208
p_5561;p_3716
p_5561;p_5696
p_5562;p_756
p_5560;p_574
p_5565;p_4607
p_273;p_271
p_5566;p_3165
p_272;p_278
p_5563;p_3558
p_271;p_4256
p_5564;p_2671
p_270;p_272
p_2870;p_2866
p_5516;p_743
p_5517;p_753
p_5517;p_747
p_5517;p_748
p_5518;p_5517
p_5519;p_5518
p_5512;p_2185
p_5513;p_2274
p_4915;p_2048
p_5514;p_5523
p_4918;p_2826
p_6139;p_6140
p_5515;p_5402
p_4912;p_4915
p_4109;p_622
p_4911;p_4912
p_4108;p_4109
p_4914;p_4913
p_4913;p_4856
p_4104;p_4893
p_4910;p_4043
p_4106;p_4108
p_4100;p_4099
p_6130;p_6131
p_4101;p_4100
p_4103;p_4104
p_6137;p_6138
p_6138;p_6139
p_6135;p_6136
p_5511;p_2560
p_5511;p_2658
p_6136;p_2822
p_5510;p_5535
p_6133;p_6134
p_6134;p_6135
p_6132;p_2195
p_6132;p_2192
p_5507;p_26
p_5508;p_1756
p_5505;p_1752
p_5506;p_1665
p_4929;p_3022
p_4929;p_4930
p_4928;p_3035
p_5501;p_4219
p_4927;p_3313
p_4927;p_3314
p_5502;p_4800
p_4926;p_4193
p_4925;p_2491
p_4924;p_2465
p_4922;p_499
p_4921;p_1910
p_6140;p_6141
p_6141;p_6142
p_6146;p_446
p_5500;p_5497
p_6147;p_5800
p_6149;p_2675
p_6142;p_5439
p_6143;p_1656
p_6144;p_1211
p_6145;p_2251
p_5534;p_515
p_5534;p_514
p_297;p_295
p_6119;p_4258
p_6119;p_1510
p_6119;p_1494
p_5535;p_5454
p_296;p_3205
p_5537;p_5097
p_5538;p_3632
p_5539;p_4603
p_4127;p_1828
p_4126;p_5417
p_4128;p_5144
p_4128;p_1797
p_4120;p_4121
p_4121;p_4270
p_4124;p_1816
p_4125;p_1842
p_5531;p_5533
p_5531;p_1105
p_5530;p_5528
p_6113;p_4258
p_6113;p_1494
p_5533;p_4865
p_5533;p_4888
p_5532;p_5530
p_6129;p_667
p_5525;p_5527
p_4907;p_4908
p_6128;p_4803
p_5526;p_4527
p_5523;p_3174
p_5523;p_5525
p_5524;p_5522
p_5529;p_5531
p_5527;p_5529
p_4909;p_762
p_4909;p_4910
p_5528;p_5526
p_4908;p_4909
p_4118;p_886
p_4116;p_4118
p_4115;p_3671
p_4903;p_2727
p_4902;p_4446
p_4901;p_3196
p_4900;p_5059
p_4119;p_4120
p_4113;p_4114
p_4114;p_4115
p_6121;p_979
p_6122;p_1514
p_6123;p_3376
p_6124;p_2884
p_6124;p_2879
p_5522;p_5521
p_6125;p_2884
p_5521;p_746
p_5521;p_5520
p_6126;p_4674
p_5520;p_5514
p_6127;p_4441
p_6179;p_6238
p_6176;p_1010
p_6175;p_1330
p_6178;p_3796
p_6177;p_1340
p_6177;p_1335
p_6172;p_3280
p_6171;p_3280
p_6174;p_5627
p_6173;p_2863
p_6170;p_3280
p_6189;p_5521
p_6187;p_1401
p_6185;p_2565
p_6184;p_1723
p_6183;p_1170
p_6182;p_991
p_6180;p_4459
p_6154;p_6155
p_6153;p_3545
p_6156;p_5212
p_6156;p_2661
p_6155;p_5210
p_6152;p_5316
p_6152;p_1504
p_6151;p_5069
p_6167;p_1013
p_6166;p_1509
p_6165;p_1515
p_6164;p_5076
p_6169;p_5085
p_6169;p_3280
p_6168;p_1973
p_6162;p_3300
p_6162;p_3295
p_6190;p_5550
p_6191;p_4037
p_6193;p_1775
p_6194;p_4177
p_6195;p_4301
p_6196;p_1279
p_6197;p_2449
p_6198;p_301
p_4694;p_3237
p_4695;p_370
p_4695;p_382
p_4691;p_366
p_4699;p_97
p_4698;p_120
p_1204;p_4506
p_1204;p_1210
p_1204;p_1150
p_1206;p_1203
p_1206;p_1150
p_1207;p_1197
p_1200;p_1194
p_1200;p_1195
p_1201;p_1203
p_1201;p_1210
p_1202;p_719
p_1202;p_725
p_1202;p_1489
p_1203;p_1199
p_1208;p_1210
p_1209;p_4506
p_1209;p_1207
p_1210;p_3765
p_1217;p_1220
p_3501;p_5297
p_1218;p_1213
p_1218;p_1220
p_3502;p_5297
p_1215;p_1212
p_1216;p_1213
p_3500;p_5306
p_3500;p_5297
p_1213;p_1214
p_1213;p_994
p_3505;p_5297
p_1214;p_1702
p_1214;p_1001
p_3506;p_5297
p_1211;p_4411
p_1211;p_1221
p_3503;p_5297
p_3503;p_994
p_1212;p_1217
p_3504;p_5306
p_3509;p_1025
p_3507;p_1025
p_3508;p_5306
p_3508;p_1025
p_1219;p_1216
p_4664;p_4665
p_4663;p_4664
p_4662;p_4657
p_3530;p_3526
p_4661;p_4663
p_3531;p_3420
p_4660;p_789
p_1220;p_1232
p_1221;p_5546
p_1221;p_1218
p_1221;p_1223
p_1223;p_4423
p_1223;p_1745
p_1222;p_5546
p_1222;p_1218
p_1222;p_994
p_4669;p_780
p_1225;p_1227
p_1224;p_1222
p_1224;p_1225
p_1227;p_1749
p_3533;p_2628
p_1226;p_1223
p_1226;p_1222
p_3532;p_3535
p_4665;p_4906
p_1229;p_1228
p_3535;p_6213
p_4666;p_1455
p_1228;p_1226
p_3534;p_3533
p_4650;p_1990
p_4653;p_3128
p_4652;p_369
p_1231;p_1219
p_1232;p_1235
p_1230;p_1221
p_3529;p_3541
p_1236;p_1229
p_3528;p_3548
p_4659;p_4657
p_1235;p_1233
p_1234;p_1231
p_3526;p_3524
p_1233;p_1242
p_1233;p_1255
p_3525;p_3531
p_3524;p_5146
p_3524;p_5414
p_3524;p_3541
p_4655;p_4656
p_4656;p_5128
p_1238;p_1237
p_4657;p_1470
p_1237;p_1244
p_4682;p_1545
p_1240;p_1775
p_1240;p_1778
p_1241;p_1243
p_4680;p_1084
p_4680;p_4883
p_1242;p_1246
p_1243;p_1234
p_4686;p_5087
p_3550;p_3549
p_4685;p_231
p_3551;p_3554
p_4684;p_4242
p_4683;p_3941
p_4683;p_988
p_4689;p_495
p_1249;p_1250
p_3555;p_3551
p_1248;p_1794
p_1248;p_4349
p_1248;p_1253
p_3554;p_2630
p_4687;p_498
p_3557;p_3555
p_4688;p_4025
p_1245;p_1240
p_1245;p_1241
p_1244;p_1246
p_3558;p_3645
p_1246;p_2152
p_1246;p_1248
p_1253;p_1251
p_1254;p_1249
p_4671;p_1478
p_1251;p_1257
p_1251;p_1256
p_4670;p_135
p_1252;p_1254
p_4673;p_4674
p_3541;p_4857
p_4672;p_1493
p_1250;p_1245
p_3542;p_3543
p_4675;p_5416
p_4674;p_348
p_4674;p_346
p_3540;p_2970
p_3540;p_3525
p_3540;p_4629
p_4676;p_2972
p_3546;p_4602
p_4677;p_4675
p_3545;p_2620
p_4678;p_4677
p_3544;p_4635
p_4679;p_3824
p_4679;p_3823
p_3543;p_3540
p_1258;p_1252
p_1257;p_1813
p_3549;p_3529
p_1256;p_1260
p_3548;p_4875
p_1255;p_2638
p_3547;p_2613
p_4626;p_4627
p_1268;p_2644
p_4628;p_4967
p_1266;p_1263
p_4627;p_2583
p_1267;p_1823
p_4622;p_614
p_107;p_106
p_4621;p_4622
p_106;p_5461
p_106;p_5460
p_3579;p_3581
p_3576;p_3573
p_108;p_4698
p_3577;p_3572
p_103;p_108
p_102;p_5053
p_4629;p_5146
p_4629;p_3528
p_4629;p_3541
p_1261;p_1258
p_3575;p_3674
p_1260;p_1265
p_3574;p_4165
p_3574;p_3575
p_3573;p_3570
p_4620;p_4621
p_3572;p_3573
p_1265;p_2644
p_1265;p_1267
p_3571;p_3574
p_1264;p_1266
p_3570;p_698
p_3570;p_701
p_3570;p_705
p_1263;p_1261
p_3569;p_4339
p_1278;p_1279
p_1278;p_1276
p_1279;p_1285
p_1279;p_1282
p_4613;p_4611
p_4612;p_3163
p_4611;p_3162
p_3567;p_835
p_4610;p_4613
p_4619;p_614
p_4619;p_4097
p_4619;p_4620
p_4618;p_4619
p_1270;p_1583
p_1270;p_1587
p_1272;p_1271
p_3564;p_5059
p_3564;p_4901
p_1271;p_1269
p_1271;p_1288
p_3563;p_5076
p_3563;p_4203
p_1274;p_5103
p_1273;p_1271
p_1276;p_1858
p_1275;p_1276
p_4644;p_1909
p_129;p_132
p_4643;p_1673
p_128;p_766
p_4646;p_1501
p_3598;p_6241
p_3598;p_3597
p_4645;p_1466
p_3599;p_825
p_4648;p_2246
p_4647;p_2255
p_4647;p_5199
p_1288;p_1286
p_4649;p_1922
p_120;p_4040
p_120;p_123
p_123;p_125
p_123;p_126
p_122;p_4040
p_125;p_4038
p_124;p_122
p_127;p_130
p_127;p_131
p_127;p_132
p_126;p_4699
p_130;p_136
p_1287;p_1270
p_1286;p_1284
p_1285;p_1287
p_1284;p_1879
p_1283;p_1285
p_3597;p_4322
p_1282;p_4307
p_3596;p_3599
p_4641;p_4639
p_4642;p_208
p_4635;p_4637
p_4633;p_643
p_4632;p_3159
p_117;p_114
p_117;p_139
p_4639;p_5100
p_4638;p_3546
p_4637;p_2614
p_4636;p_5539
p_4636;p_3545
p_116;p_4041
p_114;p_103
p_1290;p_1291
p_1296;p_1314
p_1295;p_1290
p_3582;p_4900
p_1297;p_1302
p_4630;p_381
p_1292;p_1332
p_4631;p_2607
p_1291;p_1296
p_905;p_680
p_903;p_5158
p_902;p_5172
p_901;p_902
p_908;p_918
p_909;p_4093
p_906;p_5178
p_907;p_4092
p_4607;p_4836
p_4607;p_4835
p_4609;p_3166
p_910;p_912
p_912;p_915
p_4602;p_3161
p_911;p_4094
p_4603;p_4604
p_914;p_913
p_913;p_906
p_913;p_911
p_4605;p_4606
p_916;p_914
p_4606;p_6153
p_915;p_5135
p_915;p_1169
p_917;p_909
p_918;p_5081
p_918;p_1167
p_919;p_5745
p_923;p_903
p_922;p_923
p_921;p_5173
p_920;p_922
p_927;p_5475
p_927;p_925
p_926;p_821
p_926;p_823
p_925;p_256
p_924;p_4064
p_929;p_4775
p_5890;p_2275
p_38;p_36
p_39;p_33
p_180;p_5046
p_181;p_179
p_34;p_4246
p_182;p_5482
p_182;p_174
p_5893;p_2049
p_35;p_32
p_183;p_5109
p_183;p_1633
p_36;p_224
p_37;p_39
p_37;p_41
p_185;p_1633
p_821;p_240
p_822;p_820
p_823;p_5690
p_825;p_827
p_826;p_4321
p_827;p_5058
p_31;p_35
p_176;p_183
p_5898;p_2718
p_30;p_27
p_175;p_176
p_33;p_34
p_178;p_177
p_32;p_38
p_177;p_175
p_179;p_175
p_820;p_925
p_191;p_201
p_6000;p_4605
p_49;p_8
p_6002;p_2606
p_190;p_4794
p_5885;p_1895
p_47;p_49
p_195;p_194
p_48;p_46
p_196;p_4233
p_196;p_453
p_45;p_47
p_45;p_28
p_193;p_196
p_46;p_6217
p_46;p_50
p_194;p_189
p_819;p_5694
p_818;p_817
p_812;p_816
p_813;p_796
p_810;p_812
p_811;p_809
p_816;p_819
p_817;p_803
p_817;p_811
p_814;p_815
p_815;p_1473
p_6008;p_5680
p_44;p_66
p_189;p_4795
p_43;p_28
p_42;p_40
p_187;p_186
p_6009;p_3696
p_41;p_43
p_186;p_5575
p_40;p_36
p_56;p_54
p_57;p_60
p_6014;p_5590
p_5873;p_3239
p_59;p_56
p_847;p_849
p_848;p_3986
p_848;p_854
p_849;p_850
p_843;p_844
p_843;p_845
p_844;p_847
p_845;p_856
p_846;p_4339
p_840;p_837
p_51;p_55
p_841;p_840
p_50;p_51
p_842;p_569
p_842;p_4049
p_53;p_52
p_198;p_1659
p_198;p_6143
p_5876;p_4183
p_52;p_6216
p_52;p_47
p_197;p_5350
p_197;p_200
p_55;p_57
p_54;p_53
p_199;p_202
p_67;p_65
p_5860;p_5461
p_68;p_76
p_838;p_837
p_839;p_838
p_836;p_835
p_837;p_855
p_834;p_611
p_834;p_833
p_835;p_552
p_832;p_4329
p_833;p_830
p_62;p_63
p_830;p_4335
p_60;p_5618
p_5866;p_2167
p_66;p_64
p_65;p_62
p_5864;p_4143
p_64;p_68
p_63;p_45
p_141;p_222
p_131;p_133
p_132;p_107
p_132;p_123
p_133;p_117
p_860;p_556
p_135;p_129
p_862;p_575
p_136;p_773
p_861;p_869
p_864;p_4098
p_864;p_853
p_138;p_5457
p_138;p_147
p_863;p_865
p_139;p_19
p_866;p_864
p_865;p_3569
p_867;p_863
p_152;p_795
p_151;p_155
p_150;p_794
p_144;p_37
p_145;p_154
p_142;p_164
p_148;p_139
p_853;p_851
p_853;p_6084
p_149;p_148
p_146;p_145
p_851;p_848
p_147;p_150
p_850;p_615
p_857;p_861
p_856;p_866
p_855;p_834
p_854;p_841
p_859;p_862
p_858;p_857
p_858;p_859
p_13;p_18
p_161;p_159
p_12;p_4244
p_12;p_10
p_160;p_146
p_15;p_5458
p_163;p_141
p_14;p_13
p_162;p_160
p_162;p_164
p_17;p_12
p_19;p_17
p_18;p_20
p_884;p_2263
p_884;p_598
p_883;p_604
p_159;p_4042
p_886;p_620
p_886;p_4106
p_885;p_4549
p_885;p_881
p_153;p_167
p_880;p_873
p_154;p_153
p_10;p_9
p_10;p_22
p_155;p_161
p_882;p_885
p_11;p_13
p_881;p_880
p_888;p_4893
p_889;p_888
p_26;p_24
p_174;p_4456
p_174;p_180
p_25;p_5
p_173;p_4444
p_24;p_30
p_172;p_1563
p_172;p_183
p_23;p_25
p_171;p_4448
p_171;p_1430
p_170;p_1962
p_28;p_4257
p_27;p_44
p_27;p_42
p_875;p_5181
p_874;p_5560
p_874;p_877
p_873;p_876
p_872;p_4052
p_21;p_19
p_871;p_5181
p_871;p_874
p_22;p_26
p_167;p_166
p_164;p_152
p_20;p_138
p_165;p_163
p_879;p_646
p_877;p_883
p_877;p_882
p_876;p_5432
p_5819;p_1363
p_5819;p_1393
p_5810;p_3706
p_5810;p_4030
p_5810;p_1190
p_5815;p_2890
p_5815;p_2885
p_5815;p_2884
p_5815;p_2876
p_5815;p_2879
p_5813;p_2197
p_5813;p_1839
p_5813;p_1838
p_6078;p_4501
p_6078;p_1648
p_6078;p_1644
p_6078;p_1655
p_6079;p_2197
p_6079;p_1839
p_6079;p_1838
p_6070;p_1158
p_6071;p_3791
p_6072;p_4209
p_6073;p_5106
p_5806;p_5394
p_5807;p_1098
p_5808;p_3469
p_5809;p_3711
p_5809;p_3706
p_5809;p_4030
p_5809;p_1190
p_890;p_889
p_891;p_890
p_5800;p_1770
p_892;p_891
p_893;p_892
p_894;p_893
p_5804;p_3753
p_5804;p_3799
p_5805;p_2736
p_6089;p_1134
p_6087;p_4116
p_6088;p_5711
p_6082;p_4258
p_6082;p_1494
p_6086;p_4287
p_6083;p_4501
p_6083;p_1648
p_6083;p_1646
p_6083;p_1644
p_6083;p_1655
p_6083;p_6078
p_6084;p_833
p_6094;p_2884
p_6094;p_2876
p_6095;p_1393
p_6096;p_4258
p_6096;p_1494
p_6096;p_1492
p_6096;p_1973
p_6096;p_1975
p_6090;p_4030
p_6090;p_1190
p_6092;p_5039
p_76;p_75
p_77;p_67
p_5854;p_235
p_74;p_77
p_75;p_246
p_73;p_4852
p_5851;p_5694
p_78;p_79
p_85;p_252
p_86;p_4854
p_86;p_85
p_86;p_4781
p_87;p_89
p_88;p_86
p_5847;p_3482
p_81;p_90
p_82;p_84
p_83;p_80
p_5848;p_3493
p_84;p_4855
p_80;p_4853
p_89;p_91
p_5841;p_533
p_5838;p_851
p_5837;p_863
p_92;p_4851
p_93;p_4854
p_98;p_96
p_96;p_3953
p_5831;p_4751
p_97;p_3951
p_90;p_88
p_91;p_59
p_5839;p_858
p_6050;p_3794
p_6052;p_3804
p_6052;p_5222
p_5830;p_3728
p_6054;p_5328
p_6056;p_3918
p_5824;p_3327
p_5827;p_3247
p_5827;p_5320
p_5826;p_5534
p_5820;p_1393
p_5823;p_4457
p_5823;p_4902
p_5823;p_179
p_5822;p_4457
p_5822;p_446
p_5822;p_444
p_5822;p_442
p_5822;p_1563
p_5822;p_4902
p_5822;p_181
p_5822;p_179
p_5822;p_4735
p_5829;p_4534
p_6062;p_5062
p_6060;p_4996
p_6066;p_3868
p_3630;p_5346
p_3630;p_3625
p_3639;p_3435
p_3631;p_3633
p_3632;p_3630
p_3633;p_4839
p_3635;p_4839
p_3636;p_3637
p_3637;p_3963
p_3638;p_3628
p_3628;p_3635
p_3629;p_5347
p_3620;p_3621
p_3621;p_5386
p_3621;p_5666
p_3626;p_5339
p_3626;p_4744
p_3627;p_5665
p_3627;p_3620
p_3624;p_3629
p_3625;p_4746
p_3618;p_5253
p_3613;p_3612
p_3614;p_3615
p_3615;p_3616
p_3616;p_3618
p_3610;p_4736
p_3611;p_3613
p_3612;p_5218
p_3609;p_5757
p_3607;p_4174
p_3607;p_3392
p_3604;p_5793
p_3605;p_4871
p_3602;p_5794
p_3603;p_4178
p_3600;p_4711
p_3601;p_3602
p_1909;p_1468
p_1120;p_5129
p_1120;p_4832
p_1121;p_1124
p_1122;p_1120
p_3671;p_886
p_3672;p_3576
p_3673;p_3672
p_3674;p_3676
p_1128;p_1129
p_3676;p_3679
p_1127;p_1128
p_3675;p_4842
p_3678;p_5063
p_1129;p_1130
p_1910;p_1979
p_1910;p_1974
p_3677;p_3675
p_1124;p_1175
p_1124;p_1184
p_1123;p_1122
p_3679;p_3687
p_1125;p_914
p_1125;p_1123
p_1919;p_4921
p_1918;p_1914
p_1915;p_5395
p_1914;p_4260
p_1132;p_749
p_1132;p_4202
p_1133;p_6154
p_1130;p_1132
p_4794;p_193
p_3663;p_3664
p_3660;p_4155
p_4795;p_5109
p_4795;p_185
p_4795;p_187
p_3661;p_4153
p_1900;p_1899
p_3667;p_4159
p_4798;p_512
p_3666;p_1551
p_3665;p_4163
p_3664;p_4476
p_1136;p_737
p_1135;p_4552
p_1134;p_4022
p_3668;p_3667
p_1908;p_5113
p_1908;p_1900
p_1907;p_1906
p_1906;p_1902
p_1904;p_1910
p_1902;p_1458
p_1901;p_5022
p_1901;p_1904
p_4785;p_149
p_4784;p_982
p_3650;p_3640
p_4783;p_4255
p_3651;p_3649
p_4782;p_87
p_3652;p_3651
p_4781;p_92
p_1100;p_1080
p_3658;p_4471
p_1101;p_1100
p_1104;p_5532
p_1104;p_1105
p_1103;p_1104
p_3659;p_3658
p_4788;p_807
p_1106;p_4865
p_1106;p_1104
p_3654;p_2734
p_1105;p_1114
p_1108;p_4592
p_1933;p_1934
p_1107;p_4593
p_1932;p_1095
p_3655;p_3654
p_1109;p_1108
p_1934;p_1936
p_1937;p_5073
p_1936;p_1937
p_1939;p_5054
p_1938;p_4372
p_4772;p_4776
p_3640;p_3642
p_4771;p_4772
p_3641;p_3652
p_4773;p_6152
p_1110;p_1109
p_1111;p_1110
p_1111;p_1114
p_4770;p_1515
p_4779;p_4850
p_1115;p_1103
p_3649;p_3646
p_1114;p_4599
p_1114;p_1101
p_3648;p_3650
p_1113;p_3166
p_3647;p_3648
p_1112;p_4610
p_1112;p_1101
p_1112;p_1111
p_3646;p_3724
p_4775;p_948
p_4775;p_930
p_1119;p_5133
p_1119;p_910
p_1922;p_1921
p_3645;p_3643
p_4776;p_927
p_1118;p_702
p_1921;p_1920
p_3644;p_3557
p_4777;p_248
p_1117;p_4299
p_1920;p_1919
p_3643;p_3641
p_4778;p_275
p_1116;p_1117
p_3642;p_3644
p_1926;p_5721
p_1923;p_2247
p_1958;p_1959
p_1959;p_1961
p_4765;p_5804
p_1955;p_1951
p_4767;p_2059
p_4767;p_2055
p_1952;p_1940
p_1952;p_5729
p_4766;p_1601
p_4769;p_942
p_1169;p_1171
p_1169;p_1173
p_1951;p_4372
p_1951;p_5718
p_1167;p_1182
p_1168;p_1165
p_1166;p_1165
p_1165;p_917
p_1164;p_1155
p_1163;p_1161
p_4760;p_5760
p_1161;p_1160
p_4762;p_3897
p_1160;p_1157
p_4763;p_3747
p_4763;p_3796
p_1945;p_1946
p_1946;p_5556
p_1948;p_5738
p_4756;p_3815
p_1941;p_1061
p_1941;p_1939
p_1942;p_1941
p_4754;p_4753
p_1943;p_1945
p_4753;p_3784
p_1944;p_1942
p_1178;p_1125
p_1178;p_5710
p_4759;p_4760
p_1179;p_1170
p_1940;p_1941
p_1175;p_1177
p_1177;p_1178
p_4751;p_5491
p_4752;p_3836
p_1170;p_916
p_1170;p_1171
p_1173;p_1179
p_4750;p_3859
p_1978;p_4258
p_1978;p_1973
p_1979;p_1992
p_4747;p_3787
p_1147;p_3777
p_1147;p_1129
p_1147;p_1145
p_1147;p_1142
p_1972;p_4445
p_4746;p_3620
p_1973;p_1908
p_4749;p_5753
p_1145;p_1146
p_1970;p_423
p_1146;p_3779
p_1971;p_1966
p_4743;p_3758
p_1976;p_1986
p_4742;p_3761
p_1977;p_1979
p_4745;p_3627
p_4744;p_3424
p_1975;p_4645
p_3698;p_4741
p_1140;p_1144
p_3696;p_4891
p_3695;p_3678
p_4740;p_4738
p_3694;p_3691
p_4741;p_3759
p_3693;p_3682
p_1144;p_5210
p_3692;p_3693
p_1143;p_4210
p_3691;p_3689
p_1142;p_1143
p_3690;p_3692
p_1967;p_1968
p_1968;p_1970
p_4739;p_3810
p_4738;p_5394
p_4737;p_5219
p_1157;p_1162
p_4736;p_5569
p_4736;p_3694
p_4736;p_3681
p_1158;p_1159
p_1961;p_1965
p_4735;p_1563
p_1159;p_1164
p_1962;p_1972
p_1963;p_5557
p_3686;p_4736
p_3686;p_3683
p_3686;p_3680
p_3687;p_3688
p_4732;p_4325
p_1965;p_1967
p_3688;p_3703
p_4731;p_4732
p_1966;p_1963
p_3689;p_4737
p_3683;p_3611
p_4730;p_4732
p_3682;p_3687
p_3682;p_3683
p_1151;p_4201
p_3685;p_3695
p_1150;p_1147
p_1153;p_757
p_1153;p_752
p_1152;p_1151
p_1155;p_1153
p_3681;p_3679
p_3681;p_3685
p_1154;p_1163
p_3680;p_3677
p_1999;p_2008
p_4721;p_2852
p_1998;p_2008
p_4722;p_1756
p_4722;p_1599
p_1997;p_1993
p_4723;p_1756
p_1996;p_1600
p_1996;p_2000
p_1996;p_6224
p_1996;p_6221
p_1996;p_6263
p_1996;p_6272
p_1996;p_4766
p_4724;p_1756
p_4725;p_1707
p_4726;p_1756
p_4726;p_1727
p_4726;p_5299
p_1993;p_1980
p_4727;p_1753
p_1992;p_4259
p_4728;p_1756
p_4729;p_3990
p_1990;p_1988
p_1991;p_2267
p_4711;p_3397
p_1986;p_1984
p_4712;p_4176
p_4712;p_3577
p_1988;p_1977
p_4710;p_48
p_4715;p_5297
p_1982;p_2270
p_4713;p_3107
p_1984;p_1982
p_4714;p_5297
p_4718;p_5297
p_1989;p_1991
p_1980;p_1978
p_4702;p_4859
p_4703;p_4702
p_4704;p_4703
p_4705;p_4704
p_1189;p_3706
p_1189;p_5809
p_4700;p_772
p_4700;p_778
p_4700;p_127
p_4701;p_7
p_4701;p_4708
p_4706;p_5631
p_4707;p_5629
p_4709;p_4710
p_1180;p_1168
p_1183;p_4584
p_1183;p_4582
p_1184;p_6183
p_1184;p_1185
p_1181;p_1183
p_1182;p_1181
p_1185;p_1186
p_1186;p_1176
p_1190;p_1200
p_1190;p_1198
p_1191;p_1193
p_1193;p_1189
p_1194;p_1195
p_1195;p_1208
p_1196;p_1189
p_1196;p_1191
p_1197;p_1196
p_1198;p_1204
p_1199;p_1189
p_5751;p_5752
p_5750;p_5749
p_5753;p_3859
p_5752;p_3857
p_5758;p_3405
p_5759;p_3425
p_961;p_969
p_961;p_954
p_962;p_4812
p_963;p_4844
p_5754;p_775
p_5755;p_786
p_5756;p_4381
p_5757;p_5258
p_5757;p_3610
p_968;p_950
p_969;p_4253
p_969;p_971
p_964;p_961
p_964;p_958
p_965;p_283
p_966;p_4844
p_967;p_970
p_5742;p_6232
p_5742;p_1359
p_5741;p_5734
p_5740;p_5724
p_5749;p_5747
p_951;p_967
p_952;p_951
p_5747;p_3771
p_5748;p_3821
p_950;p_943
p_5745;p_5673
p_5745;p_905
p_5744;p_5179
p_957;p_4252
p_958;p_4248
p_955;p_953
p_953;p_957
p_954;p_931
p_5771;p_4008
p_5770;p_5772
p_5773;p_5771
p_5772;p_5774
p_5775;p_5773
p_5774;p_5776
p_5777;p_5775
p_941;p_1519
p_941;p_945
p_942;p_1521
p_943;p_4775
p_943;p_947
p_944;p_3872
p_945;p_952
p_946;p_944
p_947;p_1519
p_947;p_937
p_948;p_946
p_939;p_941
p_5760;p_3900
p_5764;p_5242
p_5763;p_5762
p_5762;p_5765
p_5761;p_4761
p_5767;p_5768
p_5768;p_5769
p_5765;p_4889
p_5766;p_5583
p_930;p_934
p_5769;p_5770
p_934;p_955
p_931;p_929
p_937;p_1504
p_5794;p_3604
p_5794;p_5793
p_5796;p_2222
p_5792;p_3600
p_5793;p_5792
p_5799;p_6147
p_5798;p_2222
p_5783;p_2286
p_5781;p_3970
p_5782;p_5426
p_5782;p_2792
p_999;p_1214
p_999;p_1211
p_994;p_713
p_993;p_1025
p_993;p_6144
p_992;p_3941
p_5789;p_3156
p_991;p_992
p_991;p_986
p_991;p_989
p_990;p_991
p_990;p_983
p_990;p_984
p_987;p_991
p_986;p_4409
p_989;p_1594
p_988;p_992
p_988;p_984
p_981;p_991
p_981;p_986
p_981;p_984
p_980;p_981
p_983;p_979
p_982;p_986
p_982;p_979
p_985;p_993
p_984;p_4880
p_978;p_4784
p_976;p_4250
p_975;p_987
p_979;p_709
p_970;p_4253
p_971;p_968
p_5719;p_5720
p_5718;p_5739
p_5716;p_5452
p_5715;p_5714
p_5714;p_5712
p_5713;p_3956
p_5712;p_219
p_5711;p_1170
p_5710;p_5711
p_5707;p_4471
p_5709;p_920
p_5704;p_5469
p_5705;p_3038
p_5700;p_5699
p_5702;p_4807
p_5701;p_3304
p_5735;p_426
p_5734;p_5735
p_5733;p_5741
p_5732;p_416
p_5732;p_5733
p_5739;p_1932
p_5739;p_5719
p_5738;p_1955
p_5737;p_421
p_5736;p_2053
p_5736;p_6253
p_5730;p_5731
p_5731;p_5732
p_5729;p_5730
p_5722;p_3469
p_5721;p_4416
p_5724;p_5725
p_5723;p_3467
p_5726;p_1932
p_5726;p_5727
p_5725;p_5726
p_5728;p_5729
p_5727;p_5728
p_5720;p_1926